token,order_id
eyJhbGciOiJIUzI1NiIsInR5cCI6IkpXVCJ9.eyJpZCI6MzAzLCJyb2xlIjoidXNlciIsImlhdCI6MTc4Njk0OTc2OX0.zmIwm0LMnUZ8UEd2cKSXsAtrgM7OJd8T4GKATv7MCDs,101
eyJhbGciOiJIUzI1NiIsInR5cCI6IkpXVCJ9.eyJpZCI6MzA0LCJyb2xlIjoidXNlciIsImlhdCI6MTc4Njk0OTc2OX0.LxDh66g8nZgnuyHFQ8BTiNvyM4UktaQz_U7LlsJYM48,102
eyJhbGciOiJIUzI1NiIsInR5cCI6IkpXVCJ9.eyJpZCI6MzA1LCJyb2xlIjoidXNlciIsImlhdCI6MTc4Njk0OTc2OX0.GQS1o91E8sYt8L9MyIz2_knJFn5mbp4_dJ3rKqJ_C18,103
eyJhbGciOiJIUzI1NiIsInR5cCI6IkpXVCJ9.eyJpZCI6MzExLCJyb2xlIjoidXNlciIsImlhdCI6MTc4Njk0OTc2OX0.rkB-gMOOiLJN6HA5ZKRaLm8d8QftiX30KsYFcmEjZIU,104
eyJhbGciOiJIUzI1NiIsInR5cCI6IkpXVCJ9.eyJpZCI6MzA3LCJyb2xlIjoidXNlciIsImlhdCI6MTc4Njk0OTc2OX0.qDlb9qsVMpWI1eDbrjrvMq5A_eQeNGDTITxS1fXU-wg,105
eyJhbGciOiJIUzI1NiIsInR5cCI6IkpXVCJ9.eyJpZCI6MzEyLCJyb2xlIjoidXNlciIsImlhdCI6MTc4Njk0OTc2OX0.H_o7RNSwiscuT-6Lg76PkIogXWX-z0fMv-8jjorIK10,106
eyJhbGciOiJIUzI1NiIsInR5cCI6IkpXVCJ9.eyJpZCI6MzEzLCJyb2xlIjoidXNlciIsImlhdCI6MTc4Njk0OTc2OX0.pKY0C39eDXP-5uzoN7pUY43nAfQzvtLUpXxULpAEFyg,107
eyJhbGciOiJIUzI1NiIsInR5cCI6IkpXVCJ9.eyJpZCI6MzE0LCJyb2xlIjoidXNlciIsImlhdCI6MTc4Njk0OTc2OX0.5jSQ0VjV2qcRE3bCBylWMaUjKfkLoZzH8LDpEBvT0OM,108
eyJhbGciOiJIUzI1NiIsInR5cCI6IkpXVCJ9.eyJpZCI6MzE1LCJyb2xlIjoidXNlciIsImlhdCI6MTc4Njk0OTc2OX0.rgN3fQpPbWTv2WJbvNKoUvNd795JyFyUiVy9ghjRbNc,109
eyJhbGciOiJIUzI1NiIsInR5cCI6IkpXVCJ9.eyJpZCI6MzE2LCJyb2xlIjoidXNlciIsImlhdCI6MTc4Njk0OTc2OX0.zg-krwh5pEAYAj9R6c-Aj4vLKRkaSNHcG8bBbs1v-yU,110
eyJhbGciOiJIUzI1NiIsInR5cCI6IkpXVCJ9.eyJpZCI6MzE3LCJyb2xlIjoidXNlciIsImlhdCI6MTc4Njk0OTc2OX0.fZHmt7j4-al6iMS_iizdcP3OqtFZXm7LY8qleb5T1Rk,111
eyJhbGciOiJIUzI1NiIsInR5cCI6IkpXVCJ9.eyJpZCI6MzA5LCJyb2xlIjoidXNlciIsImlhdCI6MTc4Njk0OTc2OX0.6s39mKqkQ-dwonJXOFk_y2mBOJ8jIDOVkvmHe7SZ9yw,112
eyJhbGciOiJIUzI1NiIsInR5cCI6IkpXVCJ9.eyJpZCI6MzIwLCJyb2xlIjoidXNlciIsImlhdCI6MTc4Njk0OTc2OX0.3gPBqANTBNBf9b3lF8XzXLqlOVfCTuyw1bcZVH7gqtM,113
eyJhbGciOiJIUzI1NiIsInR5cCI6IkpXVCJ9.eyJpZCI6MzA2LCJyb2xlIjoidXNlciIsImlhdCI6MTc4Njk0OTc2OX0.X2m-zcGFhp-mdJxzxMmEr20Sos73r3UYDogjwUdfGF8,114
eyJhbGciOiJIUzI1NiIsInR5cCI6IkpXVCJ9.eyJpZCI6MzIyLCJyb2xlIjoidXNlciIsImlhdCI6MTc4Njk0OTc2OX0.XIvv6XnD97Z-Z-Uoh2k5S-UR1LEcRQF9xJth_NyXhxw,115
eyJhbGciOiJIUzI1NiIsInR5cCI6IkpXVCJ9.eyJpZCI6MzE4LCJyb2xlIjoidXNlciIsImlhdCI6MTc4Njk0OTc2OX0.7u4VWDD7f78nFAMlVh3q8FMgsgVTDxUbepvkMDEwsJ4,116
eyJhbGciOiJIUzI1NiIsInR5cCI6IkpXVCJ9.eyJpZCI6MzI0LCJyb2xlIjoidXNlciIsImlhdCI6MTc4Njk0OTc2OX0._zlpRw-uG_sz3wlRg7yTlj5PDJQ7Rnilr4qpWUrWfOc,117
eyJhbGciOiJIUzI1NiIsInR5cCI6IkpXVCJ9.eyJpZCI6MzE5LCJyb2xlIjoidXNlciIsImlhdCI6MTc4Njk0OTc2OX0.aWIwPi53daVv74LnK6-2kBtEVTSSoU5bNGFZ2gfgQ48,118
eyJhbGciOiJIUzI1NiIsInR5cCI6IkpXVCJ9.eyJpZCI6MzI2LCJyb2xlIjoidXNlciIsImlhdCI6MTc4Njk0OTc2OX0.zdrHTPjxKUrclQUYugYa2h5M3vFOZYTCTWYxclpFFlQ,119
eyJhbGciOiJIUzI1NiIsInR5cCI6IkpXVCJ9.eyJpZCI6MzI3LCJyb2xlIjoidXNlciIsImlhdCI6MTc4Njk0OTc2OX0.sRThIiUlrbo4-NIpBAIDM8Rp6P7qJvepDM2X8e51syE,120
eyJhbGciOiJIUzI1NiIsInR5cCI6IkpXVCJ9.eyJpZCI6MzIzLCJyb2xlIjoidXNlciIsImlhdCI6MTc4Njk0OTc2OX0.rB7GhZA0P0BlFzcTl_x8AxiHVNBGXz7MSogtEpCED0w,121
eyJhbGciOiJIUzI1NiIsInR5cCI6IkpXVCJ9.eyJpZCI6MzI1LCJyb2xlIjoidXNlciIsImlhdCI6MTc4Njk0OTc2OX0.9wbO4yGRGali3dfwKPOQeTNpnluQMGlCur1fOuyn8OA,122
eyJhbGciOiJIUzI1NiIsInR5cCI6IkpXVCJ9.eyJpZCI6MzI5LCJyb2xlIjoidXNlciIsImlhdCI6MTc4Njk0OTc2OX0.zstgtd317FWmAxpgL8Y5bX_WcNgUCXBya7phF69F-Gk,123
eyJhbGciOiJIUzI1NiIsInR5cCI6IkpXVCJ9.eyJpZCI6MzMwLCJyb2xlIjoidXNlciIsImlhdCI6MTc4Njk0OTc2OX0.5b1k01wVYdxGxcFlEptLIQTzc1xMjenZP3I6oMBJM8I,124
eyJhbGciOiJIUzI1NiIsInR5cCI6IkpXVCJ9.eyJpZCI6MzMyLCJyb2xlIjoidXNlciIsImlhdCI6MTc4Njk0OTc2OX0.QZ0BWpHBcrZiBCf8Oha9ljYzdAeGo7cdloye2ggxaBQ,125
eyJhbGciOiJIUzI1NiIsInR5cCI6IkpXVCJ9.eyJpZCI6MzI4LCJyb2xlIjoidXNlciIsImlhdCI6MTc4Njk0OTc2OX0.FPH5YqCECXkFcxLJ1bMJEczS7oRSEii84slXnUQKXZk,126
eyJhbGciOiJIUzI1NiIsInR5cCI6IkpXVCJ9.eyJpZCI6MzM0LCJyb2xlIjoidXNlciIsImlhdCI6MTc4Njk0OTc2OX0.jqYa5EE8M4eFsSDRxwzwPQ8aygVyb0SoIuWixaaWSPU,127
eyJhbGciOiJIUzI1NiIsInR5cCI6IkpXVCJ9.eyJpZCI6MzIxLCJyb2xlIjoidXNlciIsImlhdCI6MTc4Njk0OTc2OX0.Ks5urzZwlivR0mCOB2h3sbikLbwIrNgEDZ4aRKsVxuI,128
eyJhbGciOiJIUzI1NiIsInR5cCI6IkpXVCJ9.eyJpZCI6MzMxLCJyb2xlIjoidXNlciIsImlhdCI6MTc4Njk0OTc2OX0.aLUEKuVWfCECLUOVzDWaYsSwWP9sBaCZfGPll0tV_a0,129
eyJhbGciOiJIUzI1NiIsInR5cCI6IkpXVCJ9.eyJpZCI6MzM2LCJyb2xlIjoidXNlciIsImlhdCI6MTc4Njk0OTc2OX0.-xCS0sZv9HVmdhJui6SKRPJ4IEpdPkwHyT5Vttmcsy4,130
eyJhbGciOiJIUzI1NiIsInR5cCI6IkpXVCJ9.eyJpZCI6MzM3LCJyb2xlIjoidXNlciIsImlhdCI6MTc4Njk0OTc2OX0.tP-tFsfbj8z2biq0QEymGvi9cBz649GtzlL23fVzjBU,131
eyJhbGciOiJIUzI1NiIsInR5cCI6IkpXVCJ9.eyJpZCI6MzMzLCJyb2xlIjoidXNlciIsImlhdCI6MTc4Njk0OTc2OX0.1W2mQjIZLhgWSCkqguKN6u31gJ6-EVZZG-oPIXXsowc,132
eyJhbGciOiJIUzI1NiIsInR5cCI6IkpXVCJ9.eyJpZCI6MzM1LCJyb2xlIjoidXNlciIsImlhdCI6MTc4Njk0OTc2OX0.xgmmYOLvoxVDrXCkQ1eoKqQbvfMhzXum4JpXseXJ6a0,133
eyJhbGciOiJIUzI1NiIsInR5cCI6IkpXVCJ9.eyJpZCI6MzQwLCJyb2xlIjoidXNlciIsImlhdCI6MTc4Njk0OTc2OX0.oEz9i2NFGf0RlyGmcRER1Q63CGpsWaXR88g44qMcY58,134
eyJhbGciOiJIUzI1NiIsInR5cCI6IkpXVCJ9.eyJpZCI6MzM4LCJyb2xlIjoidXNlciIsImlhdCI6MTc4Njk0OTc2OX0.KtZOvRQrxqfU4QZiuiGK5FW5mjcZyk8PzPTSrgIwQ74,135
eyJhbGciOiJIUzI1NiIsInR5cCI6IkpXVCJ9.eyJpZCI6MzQzLCJyb2xlIjoidXNlciIsImlhdCI6MTc4Njk0OTc2OX0.rzknyGQqiYGqL_bR9UFAvE01LMsS6cRHY2mpPGyXuT0,136
eyJhbGciOiJIUzI1NiIsInR5cCI6IkpXVCJ9.eyJpZCI6MzM5LCJyb2xlIjoidXNlciIsImlhdCI6MTc4Njk0OTc2OX0.Aco30CXbkGp4R0_pNzk3rJdGO2R4tAsRK_5x6cR7EGw,137
eyJhbGciOiJIUzI1NiIsInR5cCI6IkpXVCJ9.eyJpZCI6MzQ0LCJyb2xlIjoidXNlciIsImlhdCI6MTc4Njk0OTc2OX0.6-81RuDnIzYreRvDbzSViMsuzLKLBhStQ8AyPgGUK8Q,138
eyJhbGciOiJIUzI1NiIsInR5cCI6IkpXVCJ9.eyJpZCI6MzQ1LCJyb2xlIjoidXNlciIsImlhdCI6MTc4Njk0OTc2OX0.R5UZUB-mPhP6PGEHm-LJ-XvWjjbt4n1eSSMq0sXxEJY,139
eyJhbGciOiJIUzI1NiIsInR5cCI6IkpXVCJ9.eyJpZCI6MzQxLCJyb2xlIjoidXNlciIsImlhdCI6MTc4Njk0OTc2OX0.9tsxpI-yLFPil4MhdkM6vapEHvfwHzo-nVn3870xYDM,140
eyJhbGciOiJIUzI1NiIsInR5cCI6IkpXVCJ9.eyJpZCI6MzQ3LCJyb2xlIjoidXNlciIsImlhdCI6MTc4Njk0OTc2OX0.15dW36-d5Tdxp9CUZauL6yc-wBvZ_vrMbZegM4KKJMc,141
eyJhbGciOiJIUzI1NiIsInR5cCI6IkpXVCJ9.eyJpZCI6MzQ4LCJyb2xlIjoidXNlciIsImlhdCI6MTc4Njk0OTc2OX0.Wn8u5ArFdr720UUM5fyzq9fYd082qEKpvwHOQPWOgck,142
eyJhbGciOiJIUzI1NiIsInR5cCI6IkpXVCJ9.eyJpZCI6MzQ5LCJyb2xlIjoidXNlciIsImlhdCI6MTc4Njk0OTc2OX0.DSsCB91Ntx5y5uR6Az30wooSzcIIooyp3cbWAdts84g,143
eyJhbGciOiJIUzI1NiIsInR5cCI6IkpXVCJ9.eyJpZCI6MzUwLCJyb2xlIjoidXNlciIsImlhdCI6MTc4Njk0OTc2OX0.ydVS8UFq85vY1gxSIKkHEmP3GahVtBIpRz1Dj0nU4xA,144
eyJhbGciOiJIUzI1NiIsInR5cCI6IkpXVCJ9.eyJpZCI6MzQyLCJyb2xlIjoidXNlciIsImlhdCI6MTc4Njk0OTc2OX0.8-wd3LpxTGWnrtMbGd2mL-WT21rDB3mXF5F5PwvIowM,145
eyJhbGciOiJIUzI1NiIsInR5cCI6IkpXVCJ9.eyJpZCI6MzUxLCJyb2xlIjoidXNlciIsImlhdCI6MTc4Njk0OTc2OX0.aLdvAIGAaJ-qE2kIiCQdFyjhY2rReKHnTRUBpGvEWiI,146
eyJhbGciOiJIUzI1NiIsInR5cCI6IkpXVCJ9.eyJpZCI6MzU0LCJyb2xlIjoidXNlciIsImlhdCI6MTc4Njk0OTc2OX0.8LzjhcJmihPVoowFkMgvdqztxmvy3OKJXcQ7sqA4hPc,147
eyJhbGciOiJIUzI1NiIsInR5cCI6IkpXVCJ9.eyJpZCI6MzUzLCJyb2xlIjoidXNlciIsImlhdCI6MTc4Njk0OTc2OX0.2llFdirj9yjs4KN1Z0cuhGHvB6qV2m_eiH-eVMxVCEk,148
eyJhbGciOiJIUzI1NiIsInR5cCI6IkpXVCJ9.eyJpZCI6MzUyLCJyb2xlIjoidXNlciIsImlhdCI6MTc4Njk0OTc2OX0.UQ-G3Yb-HDVs4k_gdMJoAHLA1eWjqfbIa1-w2Hg66T8,149
eyJhbGciOiJIUzI1NiIsInR5cCI6IkpXVCJ9.eyJpZCI6MzU3LCJyb2xlIjoidXNlciIsImlhdCI6MTc4Njk0OTc2OX0.mALs27dgvCsrIo4e3tIZ6vBdvcMY03iabqhSwOJ_xEs,150
eyJhbGciOiJIUzI1NiIsInR5cCI6IkpXVCJ9.eyJpZCI6MzQ2LCJyb2xlIjoidXNlciIsImlhdCI6MTc4Njk0OTc2OX0.gj08dRiPLwH0b5PNe2P4GqLSHKkk0SaIbZOtFneRr5Y,151
eyJhbGciOiJIUzI1NiIsInR5cCI6IkpXVCJ9.eyJpZCI6MzU1LCJyb2xlIjoidXNlciIsImlhdCI6MTc4Njk0OTc2OX0.Nl71icQCPRTqdweuO2uUUfoXOckLtoMtNZVc8-pibqE,152
eyJhbGciOiJIUzI1NiIsInR5cCI6IkpXVCJ9.eyJpZCI6MzU5LCJyb2xlIjoidXNlciIsImlhdCI6MTc4Njk0OTc2OX0.phxpXWYuuDTezvpbZANkMIQJ0IJcfuLqNW9eU6XOSJk,153
eyJhbGciOiJIUzI1NiIsInR5cCI6IkpXVCJ9.eyJpZCI6MzYwLCJyb2xlIjoidXNlciIsImlhdCI6MTc4Njk0OTc2OX0.GNMADDPda-m3sHxWlNwXRd5VGKAFlCdFRGzVDAi7ZRk,154
eyJhbGciOiJIUzI1NiIsInR5cCI6IkpXVCJ9.eyJpZCI6MzU2LCJyb2xlIjoidXNlciIsImlhdCI6MTc4Njk0OTc2OX0.zdSgNuXZBO_Yd2XnsfNQDITAAvYwot8RxPSjeq73lDE,155
eyJhbGciOiJIUzI1NiIsInR5cCI6IkpXVCJ9.eyJpZCI6MzU4LCJyb2xlIjoidXNlciIsImlhdCI6MTc4Njk0OTc2OX0.PRmw1lYkGoreMxN0Wg_77wGaDNl8Zzot2VGzd_wdkeI,156
eyJhbGciOiJIUzI1NiIsInR5cCI6IkpXVCJ9.eyJpZCI6MzYzLCJyb2xlIjoidXNlciIsImlhdCI6MTc4Njk0OTc2OX0.wNOFdgp_F1FQFS1mC6brzxsntlIgPCcRvDzH0VvLTOY,157
eyJhbGciOiJIUzI1NiIsInR5cCI6IkpXVCJ9.eyJpZCI6MzYxLCJyb2xlIjoidXNlciIsImlhdCI6MTc4Njk0OTc2OX0.vIiD-mx0EdexqawQRkNhDtZ29iXXy9f3dmfSmXLMP5A,158
eyJhbGciOiJIUzI1NiIsInR5cCI6IkpXVCJ9.eyJpZCI6MzY1LCJyb2xlIjoidXNlciIsImlhdCI6MTc4Njk0OTc2OX0.OfHooCDTDhNjQFyca5bQXs1opdQsUORim0KRedkHmko,159
eyJhbGciOiJIUzI1NiIsInR5cCI6IkpXVCJ9.eyJpZCI6MzY0LCJyb2xlIjoidXNlciIsImlhdCI6MTc4Njk0OTc2OX0.YKulW_CQctf9UUBR-9MZVuWWRTvQ1lb-B1DZQz8WFyg,160
eyJhbGciOiJIUzI1NiIsInR5cCI6IkpXVCJ9.eyJpZCI6MzY3LCJyb2xlIjoidXNlciIsImlhdCI6MTc4Njk0OTc2OX0.ZwVhGobNiosFPNKAoZc0uBKY9ey9sVaItLPwz-wWLXk,161
eyJhbGciOiJIUzI1NiIsInR5cCI6IkpXVCJ9.eyJpZCI6MzY4LCJyb2xlIjoidXNlciIsImlhdCI6MTc4Njk0OTc2OX0.XQpduqTY3UcprfH4RZhws_qx0GHoNLOJ7nYCZj4Kh4U,162
eyJhbGciOiJIUzI1NiIsInR5cCI6IkpXVCJ9.eyJpZCI6MzY5LCJyb2xlIjoidXNlciIsImlhdCI6MTc4Njk0OTc2OX0.H-xcEWqEtI19TrwJxoEETR6si134L6-6gZdvM4bndoo,163
eyJhbGciOiJIUzI1NiIsInR5cCI6IkpXVCJ9.eyJpZCI6MzYyLCJyb2xlIjoidXNlciIsImlhdCI6MTc4Njk0OTc2OX0.QoRg_5TIteWNhnJz-GFq00gdrAqlkdBawoxILucj5Zs,164
eyJhbGciOiJIUzI1NiIsInR5cCI6IkpXVCJ9.eyJpZCI6MzcxLCJyb2xlIjoidXNlciIsImlhdCI6MTc4Njk0OTc2OX0.SvsIyvUjDlvOuiIfPRC-rIsWBIwP4WY2It8jecHaPS8,165
eyJhbGciOiJIUzI1NiIsInR5cCI6IkpXVCJ9.eyJpZCI6MzcwLCJyb2xlIjoidXNlciIsImlhdCI6MTc4Njk0OTc2OX0.ncbQ0d8zYL_bqAJF3Fve_o6GmsCgqU0ZTpTT-KowKWk,166
eyJhbGciOiJIUzI1NiIsInR5cCI6IkpXVCJ9.eyJpZCI6MzY2LCJyb2xlIjoidXNlciIsImlhdCI6MTc4Njk0OTc2OX0.sRLdQ7k1HsiaWdeJXZDl3dQvzmom0JXD5sXarhHlmHk,167
eyJhbGciOiJIUzI1NiIsInR5cCI6IkpXVCJ9.eyJpZCI6Mzc0LCJyb2xlIjoidXNlciIsImlhdCI6MTc4Njk0OTc2OX0.Zz19hSKM4yjQk9yd_S8PMRNubyjs9BZOJ3g3b9cjBk4,168
eyJhbGciOiJIUzI1NiIsInR5cCI6IkpXVCJ9.eyJpZCI6Mzc1LCJyb2xlIjoidXNlciIsImlhdCI6MTc4Njk0OTc2OX0.TqTr-m8K5ZgVJ5GErLKNCV3wlyqkIb1KVgmzd4j9ITY,169
eyJhbGciOiJIUzI1NiIsInR5cCI6IkpXVCJ9.eyJpZCI6MzcyLCJyb2xlIjoidXNlciIsImlhdCI6MTc4Njk0OTc2OX0.W-iGz0j39mgDB1wWz6SD4DUUPHIBuAJAaBJuZ7xFfro,170
eyJhbGciOiJIUzI1NiIsInR5cCI6IkpXVCJ9.eyJpZCI6MzczLCJyb2xlIjoidXNlciIsImlhdCI6MTc4Njk0OTc2OX0.WnXRY2mQfvUPBNXYkyOU_ZU1MCospzbjeWZONsGeqSY,171
eyJhbGciOiJIUzI1NiIsInR5cCI6IkpXVCJ9.eyJpZCI6Mzc4LCJyb2xlIjoidXNlciIsImlhdCI6MTc4Njk0OTc2OX0.1PM4x2YuzpHttAPw1FXWbvNZ7ggMNpiIHZQWd3l42t0,172
eyJhbGciOiJIUzI1NiIsInR5cCI6IkpXVCJ9.eyJpZCI6Mzc2LCJyb2xlIjoidXNlciIsImlhdCI6MTc4Njk0OTc2OX0.Q0dvA3XZ4RC_ssZ3Q0ScdNEA80gB0WaA3tK3js04rf8,173
eyJhbGciOiJIUzI1NiIsInR5cCI6IkpXVCJ9.eyJpZCI6Mzc3LCJyb2xlIjoidXNlciIsImlhdCI6MTc4Njk0OTc2OX0.RV88LE_XcMb1tBZ53pKp8TTCZeAVzRUFvXqluvRxrp0,174
eyJhbGciOiJIUzI1NiIsInR5cCI6IkpXVCJ9.eyJpZCI6MzgxLCJyb2xlIjoidXNlciIsImlhdCI6MTc4Njk0OTc2OX0.ekLof2yl7apC8mb4yTT6y6RLPxvL4lKrn1YT4VSH9OA,175
eyJhbGciOiJIUzI1NiIsInR5cCI6IkpXVCJ9.eyJpZCI6MzgyLCJyb2xlIjoidXNlciIsImlhdCI6MTc4Njk0OTc2OX0.pze5CUy8GIwOor0-ITSPS-cdzFXvGyveRhLsaeUgFJA,176
eyJhbGciOiJIUzI1NiIsInR5cCI6IkpXVCJ9.eyJpZCI6MzgzLCJyb2xlIjoidXNlciIsImlhdCI6MTc4Njk0OTc2OX0.psDOhbEaQVyw21xaCOpsrl7mObN9Z12Q4xlg-LRoAA0,177
eyJhbGciOiJIUzI1NiIsInR5cCI6IkpXVCJ9.eyJpZCI6Mzc5LCJyb2xlIjoidXNlciIsImlhdCI6MTc4Njk0OTc2OX0.fNQJQd1BFomk4d-myrOdNLghHG8I1cjmG0Sod1vW0H8,178
eyJhbGciOiJIUzI1NiIsInR5cCI6IkpXVCJ9.eyJpZCI6MzgwLCJyb2xlIjoidXNlciIsImlhdCI6MTc4Njk0OTc2OX0.4otJJY_oYhcEx6-dg7oGav1nON_TUJQDknjVaRtlH5Q,179
eyJhbGciOiJIUzI1NiIsInR5cCI6IkpXVCJ9.eyJpZCI6Mzg2LCJyb2xlIjoidXNlciIsImlhdCI6MTc4Njk0OTc2OX0.2oRTTzhKrQflyuOU57f5tm7bBlFtb-becqk9rz2x3hA,180
eyJhbGciOiJIUzI1NiIsInR5cCI6IkpXVCJ9.eyJpZCI6Mzg3LCJyb2xlIjoidXNlciIsImlhdCI6MTc4Njk0OTc2OX0.x2Hj0504jElS2EEc3WIYcr2BxBW8RVqwIXTHe7oOqZc,181
eyJhbGciOiJIUzI1NiIsInR5cCI6IkpXVCJ9.eyJpZCI6Mzg4LCJyb2xlIjoidXNlciIsImlhdCI6MTc4Njk0OTc2OX0.fYs9TtIfpMzPwCVrZNVfidtGqM6Wl4fn1Hu_MC_URwE,182
eyJhbGciOiJIUzI1NiIsInR5cCI6IkpXVCJ9.eyJpZCI6Mzg1LCJyb2xlIjoidXNlciIsImlhdCI6MTc4Njk0OTc2OX0.YD9c8MJ0yq1QpRVnVNnp2k8enSSzMtGGQ47D6PTmC6U,183
eyJhbGciOiJIUzI1NiIsInR5cCI6IkpXVCJ9.eyJpZCI6MzkxLCJyb2xlIjoidXNlciIsImlhdCI6MTc4Njk0OTc2OX0.R0bGcSLCEWZl5YEipfWVUP1QJGDJ-2z0uKzpXZlKxmA,184
eyJhbGciOiJIUzI1NiIsInR5cCI6IkpXVCJ9.eyJpZCI6MzEwLCJyb2xlIjoidXNlciIsImlhdCI6MTc4Njk0OTc2OX0.zQzDxs3_z0IezEFZQ_B9zHqNdaYzF--GCpxJ333bbCY,185
eyJhbGciOiJIUzI1NiIsInR5cCI6IkpXVCJ9.eyJpZCI6Mzg5LCJyb2xlIjoidXNlciIsImlhdCI6MTc4Njk0OTc2OX0.6ubhsRGc1WgjqOCY6kZ4-dMb1Z1VJgbdx9HpcDhwMms,186
eyJhbGciOiJIUzI1NiIsInR5cCI6IkpXVCJ9.eyJpZCI6MzkzLCJyb2xlIjoidXNlciIsImlhdCI6MTc4Njk0OTc2OX0.PSTACXs-RnHzBAABNg1t1ZnvbZtEV4tJ53iEB2BiT98,187
eyJhbGciOiJIUzI1NiIsInR5cCI6IkpXVCJ9.eyJpZCI6Mzk0LCJyb2xlIjoidXNlciIsImlhdCI6MTc4Njk0OTc2OX0.1biwxbf82XzrarqrF_-HAddVtCi8TGQsy-_4XoXB224,188
eyJhbGciOiJIUzI1NiIsInR5cCI6IkpXVCJ9.eyJpZCI6Mzk1LCJyb2xlIjoidXNlciIsImlhdCI6MTc4Njk0OTc2OX0.FODJxqaT_qrE00kkLVhfSe9u0jt7_Xt6EMrqPtqC2eU,189
eyJhbGciOiJIUzI1NiIsInR5cCI6IkpXVCJ9.eyJpZCI6Mzk2LCJyb2xlIjoidXNlciIsImlhdCI6MTc4Njk0OTc2OX0.UNnAtuPk4IUE6JuEQgTW1yAMZK_FYXYtQDrNpdwV26I,190
eyJhbGciOiJIUzI1NiIsInR5cCI6IkpXVCJ9.eyJpZCI6Mzk3LCJyb2xlIjoidXNlciIsImlhdCI6MTc4Njk0OTc2OX0.IPBkxDweCaQgPxlJeegyWVqZab0Xyy8r9vp_yvddS4I,191
eyJhbGciOiJIUzI1NiIsInR5cCI6IkpXVCJ9.eyJpZCI6MzkyLCJyb2xlIjoidXNlciIsImlhdCI6MTc4Njk0OTc2OX0.56I7KO16kMqypQE71OrZuX-5bacg7mpBfNRWormZRFM,192
eyJhbGciOiJIUzI1NiIsInR5cCI6IkpXVCJ9.eyJpZCI6NDAwLCJyb2xlIjoidXNlciIsImlhdCI6MTc4Njk0OTc2OX0.IU6kK0Ul8SuhKWZZZnWjU4Ed71NIBUz0K7_DOYDjp6Y,193
eyJhbGciOiJIUzI1NiIsInR5cCI6IkpXVCJ9.eyJpZCI6MzkwLCJyb2xlIjoidXNlciIsImlhdCI6MTc4Njk0OTc2OX0.u4Vg3blvP-EvpvBAL1wpZdBf0WbdhKsY26sGcnx9pH4,194
eyJhbGciOiJIUzI1NiIsInR5cCI6IkpXVCJ9.eyJpZCI6NDAyLCJyb2xlIjoidXNlciIsImlhdCI6MTc4Njk0OTc2OX0.uaErAezwRLn1u0kmWuawzEm9LWjmGjn_UP1XP5MPh4s,195
eyJhbGciOiJIUzI1NiIsInR5cCI6IkpXVCJ9.eyJpZCI6Mzk4LCJyb2xlIjoidXNlciIsImlhdCI6MTc4Njk0OTc2OX0.dgTjXiH4hRO_Z5Ygmgu_jMg9mCoEqi43LzWcX4ivxS4,196
eyJhbGciOiJIUzI1NiIsInR5cCI6IkpXVCJ9.eyJpZCI6NDAzLCJyb2xlIjoidXNlciIsImlhdCI6MTc4Njk0OTc2OX0.cCFlhqta73xlIwz1uAdN9fz1R5Submaw_ySr_DxeB00,197
eyJhbGciOiJIUzI1NiIsInR5cCI6IkpXVCJ9.eyJpZCI6Mzk5LCJyb2xlIjoidXNlciIsImlhdCI6MTc4Njk0OTc2OX0.KHOA5N7futQpmSLBI5W771bkRfwfprHaOLSde_P7bm8,198
eyJhbGciOiJIUzI1NiIsInR5cCI6IkpXVCJ9.eyJpZCI6NDA2LCJyb2xlIjoidXNlciIsImlhdCI6MTc4Njk0OTc2OX0.1uN9WJ0xAbQUT-MEzb3NE_adznYfCOtLnQsChBjyte8,199
eyJhbGciOiJIUzI1NiIsInR5cCI6IkpXVCJ9.eyJpZCI6NDAxLCJyb2xlIjoidXNlciIsImlhdCI6MTc4Njk0OTc2OX0.Ccdp50w8O8PF8kT8uPjL_xOLzTN0yZ0RDKHoc6fdXEs,200
eyJhbGciOiJIUzI1NiIsInR5cCI6IkpXVCJ9.eyJpZCI6NDA3LCJyb2xlIjoidXNlciIsImlhdCI6MTc4Njk0OTc2OX0.gB3GBiK7OPwu3e8QRUNHS3e9uEdhgzEHBNl1KXtx6F0,201
eyJhbGciOiJIUzI1NiIsInR5cCI6IkpXVCJ9.eyJpZCI6NDA5LCJyb2xlIjoidXNlciIsImlhdCI6MTc4Njk0OTc2OX0.02EOnzBRvPrNtbGus9ppsM_Xl8C5Ux_RsBYUs2sIazk,202
eyJhbGciOiJIUzI1NiIsInR5cCI6IkpXVCJ9.eyJpZCI6NDA1LCJyb2xlIjoidXNlciIsImlhdCI6MTc4Njk0OTc2OX0.OHgfnTKG24xlHoTmeqGRw-uNelptjxaNkaVNvmFSo_w,203
eyJhbGciOiJIUzI1NiIsInR5cCI6IkpXVCJ9.eyJpZCI6NDEwLCJyb2xlIjoidXNlciIsImlhdCI6MTc4Njk0OTc2OX0.Fmehx5AQax2iojFjKDKfvjaeGhNo7LxCJ9kEgFGY4PI,204
eyJhbGciOiJIUzI1NiIsInR5cCI6IkpXVCJ9.eyJpZCI6NDEyLCJyb2xlIjoidXNlciIsImlhdCI6MTc4Njk0OTc2OX0.XaDAtw0F9XUng6hh-ZzDwkYbllX_H9iz20nddhyEp28,205
eyJhbGciOiJIUzI1NiIsInR5cCI6IkpXVCJ9.eyJpZCI6NDA0LCJyb2xlIjoidXNlciIsImlhdCI6MTc4Njk0OTc2OX0.H_wwujsHMy441-u97pgBeZCqPjAOhyq0ToKq6YgRMXk,206
eyJhbGciOiJIUzI1NiIsInR5cCI6IkpXVCJ9.eyJpZCI6NDE0LCJyb2xlIjoidXNlciIsImlhdCI6MTc4Njk0OTc2OX0.ri76k11rriVnW4tNmpaaj5WhGfdCiNoGPqN3B2WM2kI,207
eyJhbGciOiJIUzI1NiIsInR5cCI6IkpXVCJ9.eyJpZCI6NDExLCJyb2xlIjoidXNlciIsImlhdCI6MTc4Njk0OTc2OX0.TememBY_VtKR6a30Hn9sN8YaV77Y7RoXhdlP6UnziPQ,208
eyJhbGciOiJIUzI1NiIsInR5cCI6IkpXVCJ9.eyJpZCI6NDA4LCJyb2xlIjoidXNlciIsImlhdCI6MTc4Njk0OTc2OX0.L06ZrzhnRrg-pRWKvnfn41-tBGAgPTzBnTY1mlIzwDI,209
eyJhbGciOiJIUzI1NiIsInR5cCI6IkpXVCJ9.eyJpZCI6NDE2LCJyb2xlIjoidXNlciIsImlhdCI6MTc4Njk0OTc2OX0.6cpkk9tGQIZa9LzIXmD04x01ELAQaDMvxw9XVVDb4jU,210
eyJhbGciOiJIUzI1NiIsInR5cCI6IkpXVCJ9.eyJpZCI6NDE3LCJyb2xlIjoidXNlciIsImlhdCI6MTc4Njk0OTc2OX0.VMTHO6DohjMR3Veq6om_-5t5UkXIAS5nIoDfevBHIn8,211
eyJhbGciOiJIUzI1NiIsInR5cCI6IkpXVCJ9.eyJpZCI6NDE4LCJyb2xlIjoidXNlciIsImlhdCI6MTc4Njk0OTc2OX0.IFH8kvSd4rQP0z5tvTVDhUBd7CAG8NNLG379e-mb_RQ,212
eyJhbGciOiJIUzI1NiIsInR5cCI6IkpXVCJ9.eyJpZCI6NDE5LCJyb2xlIjoidXNlciIsImlhdCI6MTc4Njk0OTc2OX0.PI1qOi5fEIYUYfckXfvOv2shAElmsAhJyaV92VsbvgM,213
eyJhbGciOiJIUzI1NiIsInR5cCI6IkpXVCJ9.eyJpZCI6NDIwLCJyb2xlIjoidXNlciIsImlhdCI6MTc4Njk0OTc2OX0.uM6pAW12oF3E49DpAPEHRO91slRhw_JMAJhBFFSeOFY,214
eyJhbGciOiJIUzI1NiIsInR5cCI6IkpXVCJ9.eyJpZCI6NDIyLCJyb2xlIjoidXNlciIsImlhdCI6MTc4Njk0OTc2OX0.k__hINsfrd9lxOtZIkmI8tvoumz-N2g-K66SsCV9Lgw,215
eyJhbGciOiJIUzI1NiIsInR5cCI6IkpXVCJ9.eyJpZCI6NDE1LCJyb2xlIjoidXNlciIsImlhdCI6MTc4Njk0OTc2OX0.kMGHRySFMzVgQ29Zrs5jRhWeD3murp_LnrlySd7n8G0,216
eyJhbGciOiJIUzI1NiIsInR5cCI6IkpXVCJ9.eyJpZCI6NDIzLCJyb2xlIjoidXNlciIsImlhdCI6MTc4Njk0OTc2OX0.mY25HrUWXYQMq9dQDkLPpBIFHyXvltXFd3gzzCWNB-0,217
eyJhbGciOiJIUzI1NiIsInR5cCI6IkpXVCJ9.eyJpZCI6NDI0LCJyb2xlIjoidXNlciIsImlhdCI6MTc4Njk0OTc2OX0.FBiVFfwma8br0K3lVPMW38DQxAF9pVFyPn-HUt6-TXI,218
eyJhbGciOiJIUzI1NiIsInR5cCI6IkpXVCJ9.eyJpZCI6NDEzLCJyb2xlIjoidXNlciIsImlhdCI6MTc4Njk0OTc2OX0.y5KOxD3DzyLbOSPJB6uDfeMNJc59CxEzOznAZ7SXuuE,219
eyJhbGciOiJIUzI1NiIsInR5cCI6IkpXVCJ9.eyJpZCI6NDIxLCJyb2xlIjoidXNlciIsImlhdCI6MTc4Njk0OTc2OX0.LRoAwwU8fgRxybMPvyxfrrsSpOsq6A7Yrrz3pHTK_E4,220
eyJhbGciOiJIUzI1NiIsInR5cCI6IkpXVCJ9.eyJpZCI6NDI3LCJyb2xlIjoidXNlciIsImlhdCI6MTc4Njk0OTc2OX0.GE6wYvyGl058zxY5zCMEccDj-8GjOWIAgRUVvaEnAOY,221
eyJhbGciOiJIUzI1NiIsInR5cCI6IkpXVCJ9.eyJpZCI6NDI4LCJyb2xlIjoidXNlciIsImlhdCI6MTc4Njk0OTc2OX0.g_ZawLKCpHW_YKnoSeiYP9U4PKabs2H9lO5zo7wmVX4,222
eyJhbGciOiJIUzI1NiIsInR5cCI6IkpXVCJ9.eyJpZCI6NDI1LCJyb2xlIjoidXNlciIsImlhdCI6MTc4Njk0OTc2OX0.5jCk3S_shTeaEaz1Qouu0ju0bzE46OCnA3xsrSaA3_8,223
eyJhbGciOiJIUzI1NiIsInR5cCI6IkpXVCJ9.eyJpZCI6NDMwLCJyb2xlIjoidXNlciIsImlhdCI6MTc4Njk0OTc2OX0.wpNkMbVBxLOymWltMqgF6xVfpvEYGoliK5O3ONJrkQ0,224
eyJhbGciOiJIUzI1NiIsInR5cCI6IkpXVCJ9.eyJpZCI6NDMyLCJyb2xlIjoidXNlciIsImlhdCI6MTc4Njk0OTc2OX0.mRADVBewsQ5jKEk8ih4MNm6Aejwo-3zBsPWyvYgF13I,225
eyJhbGciOiJIUzI1NiIsInR5cCI6IkpXVCJ9.eyJpZCI6NDMzLCJyb2xlIjoidXNlciIsImlhdCI6MTc4Njk0OTc2OX0.dUUJmmX5VDt0EOUvyqqESo9c-6MFRaz3S4-Jd1x8HD4,226
eyJhbGciOiJIUzI1NiIsInR5cCI6IkpXVCJ9.eyJpZCI6NDI5LCJyb2xlIjoidXNlciIsImlhdCI6MTc4Njk0OTc2OX0.bzdTEKLhLaj0rtuFUBgYctJ4ApldXtpiJb_wGg3kP-Q,227
eyJhbGciOiJIUzI1NiIsInR5cCI6IkpXVCJ9.eyJpZCI6NDM0LCJyb2xlIjoidXNlciIsImlhdCI6MTc4Njk0OTc2OX0.0jxxctGuKmvaQRHXtOGhTihGeJIZ3SOJdxJXdHQjZqM,228
eyJhbGciOiJIUzI1NiIsInR5cCI6IkpXVCJ9.eyJpZCI6NDM2LCJyb2xlIjoidXNlciIsImlhdCI6MTc4Njk0OTc2OX0.FrGGt6MrCfkUn8Wi9K2-T2BmHwX809UYgaQsCPFf_js,229
eyJhbGciOiJIUzI1NiIsInR5cCI6IkpXVCJ9.eyJpZCI6NDMxLCJyb2xlIjoidXNlciIsImlhdCI6MTc4Njk0OTc2OX0.Ot0X9U6QvpLoAafkRkGsf3nOh1e6COGq93rfC6ZvcU4,230
eyJhbGciOiJIUzI1NiIsInR5cCI6IkpXVCJ9.eyJpZCI6NDM3LCJyb2xlIjoidXNlciIsImlhdCI6MTc4Njk0OTc2OX0.-57EGxSqWS_67wUXSwXjLw6GIqOL3VSnM2w8iwPrd8Y,231
eyJhbGciOiJIUzI1NiIsInR5cCI6IkpXVCJ9.eyJpZCI6NDM4LCJyb2xlIjoidXNlciIsImlhdCI6MTc4Njk0OTc2OX0.iufG0i8raxLRgx1e67FHK0ToCml-LkjFf4o1lrPVJhw,232
eyJhbGciOiJIUzI1NiIsInR5cCI6IkpXVCJ9.eyJpZCI6NDQwLCJyb2xlIjoidXNlciIsImlhdCI6MTc4Njk0OTc2OX0.LrowIcbKsMeEGCf9GCf2NXhooHOCzqqPJg-wR8lnthA,233
eyJhbGciOiJIUzI1NiIsInR5cCI6IkpXVCJ9.eyJpZCI6NDM1LCJyb2xlIjoidXNlciIsImlhdCI6MTc4Njk0OTc2OX0.CYNh9_cSubBoUETkoavax7c-q0L18YjS8WDpFTOcT3k,234
eyJhbGciOiJIUzI1NiIsInR5cCI6IkpXVCJ9.eyJpZCI6NDI2LCJyb2xlIjoidXNlciIsImlhdCI6MTc4Njk0OTc2OX0.GXpXtujyrWEkFNLv15tV7SFBfuUqcxUu44_sAcxl3T4,235
eyJhbGciOiJIUzI1NiIsInR5cCI6IkpXVCJ9.eyJpZCI6NDM5LCJyb2xlIjoidXNlciIsImlhdCI6MTc4Njk0OTc2OX0.Svqrvr5EJ026YZKXwon2gPSc3wn0a7MT6wpheU_LPtw,236
eyJhbGciOiJIUzI1NiIsInR5cCI6IkpXVCJ9.eyJpZCI6NDQ0LCJyb2xlIjoidXNlciIsImlhdCI6MTc4Njk0OTc2OX0.pA5Uuz9ocYGDBaftGV4RIb9HQPDgdqBETwjQemzhYqY,237
eyJhbGciOiJIUzI1NiIsInR5cCI6IkpXVCJ9.eyJpZCI6NDQxLCJyb2xlIjoidXNlciIsImlhdCI6MTc4Njk0OTc2OX0.2yPrt9QhE8MLj1O5iPi2G0JjGY9BXRS2OD24_0yGo-E,238
eyJhbGciOiJIUzI1NiIsInR5cCI6IkpXVCJ9.eyJpZCI6NDQ1LCJyb2xlIjoidXNlciIsImlhdCI6MTc4Njk0OTc2OX0.VjnkUijCHXHWUS1oStF0FiJf1x03IJ0qQRAGe_hdlMw,239
eyJhbGciOiJIUzI1NiIsInR5cCI6IkpXVCJ9.eyJpZCI6NDQ2LCJyb2xlIjoidXNlciIsImlhdCI6MTc4Njk0OTc2OX0.glwN9HlUXHtnSC92otZ2IzdTZtWODJI4B70Fooy_aB8,240
eyJhbGciOiJIUzI1NiIsInR5cCI6IkpXVCJ9.eyJpZCI6MzA4LCJyb2xlIjoidXNlciIsImlhdCI6MTc4Njk0OTc2OX0.6tFEA2t6PDgux-UzxSPxkqcyJeNqM8V6_UT4riqkhUk,241
eyJhbGciOiJIUzI1NiIsInR5cCI6IkpXVCJ9.eyJpZCI6NDQ4LCJyb2xlIjoidXNlciIsImlhdCI6MTc4Njk0OTc2OX0.CgVppf13hjhz5WzRd0osuu5afOW61Q__U0r0hgT1ZiM,242
eyJhbGciOiJIUzI1NiIsInR5cCI6IkpXVCJ9.eyJpZCI6NDQ5LCJyb2xlIjoidXNlciIsImlhdCI6MTc4Njk0OTc2OX0.OAKc6XuyoAd5zdSexa3JIqgGfiw1ZJuGJkmJvVUaNSw,243
eyJhbGciOiJIUzI1NiIsInR5cCI6IkpXVCJ9.eyJpZCI6NDQzLCJyb2xlIjoidXNlciIsImlhdCI6MTc4Njk0OTc2OX0.kvqLKTU1cJtp0LbQqqhj93pOjC5rQejOA04sZcxXaeo,244
eyJhbGciOiJIUzI1NiIsInR5cCI6IkpXVCJ9.eyJpZCI6NDUyLCJyb2xlIjoidXNlciIsImlhdCI6MTc4Njk0OTc2OX0.TCQKOI4LG74zf-sMkXqG_I3zRQVVbrTv_EKSYdXfhTk,245
eyJhbGciOiJIUzI1NiIsInR5cCI6IkpXVCJ9.eyJpZCI6NDQyLCJyb2xlIjoidXNlciIsImlhdCI6MTc4Njk0OTc2OX0.iiQsRD136oDEj4jUyWm5oEqqanPvx3CgISBzuwHxZBA,246
eyJhbGciOiJIUzI1NiIsInR5cCI6IkpXVCJ9.eyJpZCI6NDUzLCJyb2xlIjoidXNlciIsImlhdCI6MTc4Njk0OTc2OX0.DGkFoJjaaoYB6JHi0kt04_w5bA-YoevZ_YfInAi44Ps,247
eyJhbGciOiJIUzI1NiIsInR5cCI6IkpXVCJ9.eyJpZCI6NDUwLCJyb2xlIjoidXNlciIsImlhdCI6MTc4Njk0OTc2OX0.1exvzPPOobP8Y3jh5GB_IarDfOo8oS3P-KPX0E8lfKM,248
eyJhbGciOiJIUzI1NiIsInR5cCI6IkpXVCJ9.eyJpZCI6NDU1LCJyb2xlIjoidXNlciIsImlhdCI6MTc4Njk0OTc2OX0.LJRYxeR-EUrZ-7IfoSa-MlqWp2TP1skiAh157RFO51k,249
eyJhbGciOiJIUzI1NiIsInR5cCI6IkpXVCJ9.eyJpZCI6NDU2LCJyb2xlIjoidXNlciIsImlhdCI6MTc4Njk0OTc2OX0.lQb25o9PInmkbTfOo67OPoo6P7RYJq_51RlkPRUgUtA,250
eyJhbGciOiJIUzI1NiIsInR5cCI6IkpXVCJ9.eyJpZCI6NDU0LCJyb2xlIjoidXNlciIsImlhdCI6MTc4Njk0OTc2OX0.ENiR61YLnQbAQEk3BLQ4VUbcxRicsTLp9TT__wOesrU,251
eyJhbGciOiJIUzI1NiIsInR5cCI6IkpXVCJ9.eyJpZCI6NDU4LCJyb2xlIjoidXNlciIsImlhdCI6MTc4Njk0OTc2OX0.coz4YY3G7cVazRGw1i41DoSvzdDCXUEErLq2bCgtm3o,252
eyJhbGciOiJIUzI1NiIsInR5cCI6IkpXVCJ9.eyJpZCI6NDU5LCJyb2xlIjoidXNlciIsImlhdCI6MTc4Njk0OTc2OX0.G3dnuX8n4rPieTXDLIEBZgv3zzKKUKGK9L3G9XjRnJI,253
eyJhbGciOiJIUzI1NiIsInR5cCI6IkpXVCJ9.eyJpZCI6NDUxLCJyb2xlIjoidXNlciIsImlhdCI6MTc4Njk0OTc2OX0.jf_lvw6hnFy-DLeziRDz1ynQfwdMGALFXA2eGJDFQw8,254
eyJhbGciOiJIUzI1NiIsInR5cCI6IkpXVCJ9.eyJpZCI6NDYxLCJyb2xlIjoidXNlciIsImlhdCI6MTc4Njk0OTc2OX0.TbNVR1Q6W_o3MOO1zUPoWGO6iPcvFl7uy0vJfLf9gU8,255
eyJhbGciOiJIUzI1NiIsInR5cCI6IkpXVCJ9.eyJpZCI6NDYzLCJyb2xlIjoidXNlciIsImlhdCI6MTc4Njk0OTc2OX0.cAMtCGbPfLVyHk77ifhyEJRiBS6CHnfe0cjzf1iXchc,256
eyJhbGciOiJIUzI1NiIsInR5cCI6IkpXVCJ9.eyJpZCI6NDYyLCJyb2xlIjoidXNlciIsImlhdCI6MTc4Njk0OTc2OX0.4NtyzDcMQ5JI-ymsXdKHOFUxfLjzpbPsaLYdHkA00mw,257
eyJhbGciOiJIUzI1NiIsInR5cCI6IkpXVCJ9.eyJpZCI6NDY0LCJyb2xlIjoidXNlciIsImlhdCI6MTc4Njk0OTc2OX0.IZsSFtmNWjo9fOBbR2VW-Z1QOiZFRfS3SZ9tGDZ8JOk,258
eyJhbGciOiJIUzI1NiIsInR5cCI6IkpXVCJ9.eyJpZCI6NDY1LCJyb2xlIjoidXNlciIsImlhdCI6MTc4Njk0OTc2OX0.-gt10Xw0HkmNabkDaDVv5iw62Cyfd84dk2efeVYCyM0,259
eyJhbGciOiJIUzI1NiIsInR5cCI6IkpXVCJ9.eyJpZCI6NDY2LCJyb2xlIjoidXNlciIsImlhdCI6MTc4Njk0OTc2OX0.WVSKddTKd4i64bw_4eplGRn-cLJQW7yBxdZP_qW7YqE,260
eyJhbGciOiJIUzI1NiIsInR5cCI6IkpXVCJ9.eyJpZCI6NDYwLCJyb2xlIjoidXNlciIsImlhdCI6MTc4Njk0OTc2OX0.R1InjWdz1erKfim-N_hvHfEb7nwc7j7e5lnnGMREpVE,261
eyJhbGciOiJIUzI1NiIsInR5cCI6IkpXVCJ9.eyJpZCI6NDY5LCJyb2xlIjoidXNlciIsImlhdCI6MTc4Njk0OTc2OX0.uJAHZYgjrhHkzdJlkwnO6Ehoi94shcdTIm0F_rVnVhk,262
eyJhbGciOiJIUzI1NiIsInR5cCI6IkpXVCJ9.eyJpZCI6NDU3LCJyb2xlIjoidXNlciIsImlhdCI6MTc4Njk0OTc2OX0.HdZ2P9k1G71VowewIykQMm2mZOa5wxiJtETvg4DFZgo,263
eyJhbGciOiJIUzI1NiIsInR5cCI6IkpXVCJ9.eyJpZCI6NDcxLCJyb2xlIjoidXNlciIsImlhdCI6MTc4Njk0OTc2OX0.g-OL4-9G5IanMzWaFWUmQhARVj3okRkJ1x8RvM9Jq-4,264
eyJhbGciOiJIUzI1NiIsInR5cCI6IkpXVCJ9.eyJpZCI6NDY3LCJyb2xlIjoidXNlciIsImlhdCI6MTc4Njk0OTc2OX0.fvFDYwKTbYW84xrkXzBDYkhzcrLRLfCRbiRNuK0OU78,265
eyJhbGciOiJIUzI1NiIsInR5cCI6IkpXVCJ9.eyJpZCI6NDcyLCJyb2xlIjoidXNlciIsImlhdCI6MTc4Njk0OTc2OX0.7tGpMzuiEgIbXVTx-AtuG0gsCd7FIEoIcZ5bVps77ng,266
eyJhbGciOiJIUzI1NiIsInR5cCI6IkpXVCJ9.eyJpZCI6NDc0LCJyb2xlIjoidXNlciIsImlhdCI6MTc4Njk0OTc2OX0.N1FoO0d4yta3cOw0FcCr6kiK8X-88vSrCsgY791-q1k,267
eyJhbGciOiJIUzI1NiIsInR5cCI6IkpXVCJ9.eyJpZCI6NDY4LCJyb2xlIjoidXNlciIsImlhdCI6MTc4Njk0OTc2OX0.HnTY4RRKklRWt16vVH08-i8SN0I4YQJwvwBqmcRjvRg,268
eyJhbGciOiJIUzI1NiIsInR5cCI6IkpXVCJ9.eyJpZCI6NDc1LCJyb2xlIjoidXNlciIsImlhdCI6MTc4Njk0OTc2OX0.Dg9RQYwEJ6E30mQTEcC9Y8fpWc-x4Qk8vd2o6dDsazc,269
eyJhbGciOiJIUzI1NiIsInR5cCI6IkpXVCJ9.eyJpZCI6NDcwLCJyb2xlIjoidXNlciIsImlhdCI6MTc4Njk0OTc2OX0.Gx78PhcPcFv95HrLPYhG9UjKmeTDuq0beQaXMveaX7M,270
eyJhbGciOiJIUzI1NiIsInR5cCI6IkpXVCJ9.eyJpZCI6NDc4LCJyb2xlIjoidXNlciIsImlhdCI6MTc4Njk0OTc2OX0.YbBTIKJeX7aS1tTZnGBUEtkDl5nBkSauOzfJX_E0Ihg,271
eyJhbGciOiJIUzI1NiIsInR5cCI6IkpXVCJ9.eyJpZCI6NDc2LCJyb2xlIjoidXNlciIsImlhdCI6MTc4Njk0OTc2OX0.EhSk6yaOu7PKDwkMruouVXC14vr_PvZnqBtl4U0mFKA,272
eyJhbGciOiJIUzI1NiIsInR5cCI6IkpXVCJ9.eyJpZCI6NDc5LCJyb2xlIjoidXNlciIsImlhdCI6MTc4Njk0OTc2OX0.M9WaL5amobLQyCPHMjCT2-VNjuMAtb1b9tuUT-noewo,273
eyJhbGciOiJIUzI1NiIsInR5cCI6IkpXVCJ9.eyJpZCI6NDgxLCJyb2xlIjoidXNlciIsImlhdCI6MTc4Njk0OTc2OX0.06GSe7_qSXRSa4dCbKhai5NW_7vZfFjVt-srF-sFtCg,274
eyJhbGciOiJIUzI1NiIsInR5cCI6IkpXVCJ9.eyJpZCI6NDgwLCJyb2xlIjoidXNlciIsImlhdCI6MTc4Njk0OTc2OX0.U4n1kbAwgYf9klhp7vkG7K8kHdQwhNVU-CCwPdEHs-w,275
eyJhbGciOiJIUzI1NiIsInR5cCI6IkpXVCJ9.eyJpZCI6NDQ3LCJyb2xlIjoidXNlciIsImlhdCI6MTc4Njk0OTc2OX0.7uhWGT1I7CLseG_Pozwc-QAa7dOhBf3ojycTwvwhsl4,276
eyJhbGciOiJIUzI1NiIsInR5cCI6IkpXVCJ9.eyJpZCI6NDczLCJyb2xlIjoidXNlciIsImlhdCI6MTc4Njk0OTc2OX0.nJMAduKsupRcbfc8HFHRMAM2UHVZIOODFKgDzOWKC_8,277
eyJhbGciOiJIUzI1NiIsInR5cCI6IkpXVCJ9.eyJpZCI6NDg1LCJyb2xlIjoidXNlciIsImlhdCI6MTc4Njk0OTc2OX0.fBOM79mQus9nDb2kl9cDGI-VN-oCCOQvE_9xn9xH3bk,278
eyJhbGciOiJIUzI1NiIsInR5cCI6IkpXVCJ9.eyJpZCI6NDgyLCJyb2xlIjoidXNlciIsImlhdCI6MTc4Njk0OTc2OX0.O0W4AioXFng7bLbjrvmxA0cffKPpwimbwLbN-YWWSHM,279
eyJhbGciOiJIUzI1NiIsInR5cCI6IkpXVCJ9.eyJpZCI6NDg2LCJyb2xlIjoidXNlciIsImlhdCI6MTc4Njk0OTc2OX0.ODF-I1UnAWhI3A8dIIDq6EOatP7AS8g9IYWkjwf0060,280
eyJhbGciOiJIUzI1NiIsInR5cCI6IkpXVCJ9.eyJpZCI6NDg4LCJyb2xlIjoidXNlciIsImlhdCI6MTc4Njk0OTc2OX0.N_M7MfSsa_h7H7SB2KDWLjviRLSAm99-GY1tSqnBeK0,281
eyJhbGciOiJIUzI1NiIsInR5cCI6IkpXVCJ9.eyJpZCI6NDgzLCJyb2xlIjoidXNlciIsImlhdCI6MTc4Njk0OTc2OX0.C5O4c6sTmmOvhltosxpt1OaWH6ymSPSy1hdLolmWMo4,282
eyJhbGciOiJIUzI1NiIsInR5cCI6IkpXVCJ9.eyJpZCI6NDkwLCJyb2xlIjoidXNlciIsImlhdCI6MTc4Njk0OTc2OX0.Zd5rzsZQIfQmZGGFi4IEJYFGfZF4bXJvc2XCLpiA9SA,283
eyJhbGciOiJIUzI1NiIsInR5cCI6IkpXVCJ9.eyJpZCI6NDkxLCJyb2xlIjoidXNlciIsImlhdCI6MTc4Njk0OTc2OX0.WnhM9odc6AnhG6hHxPSmv9lQmF6IwgwWnMA4zYhXtJ4,284
eyJhbGciOiJIUzI1NiIsInR5cCI6IkpXVCJ9.eyJpZCI6NDg3LCJyb2xlIjoidXNlciIsImlhdCI6MTc4Njk0OTc2OX0.9iszepUpdHgR9_BODAQj3xniqLl3wZnV0BWj99QhGvo,285
eyJhbGciOiJIUzI1NiIsInR5cCI6IkpXVCJ9.eyJpZCI6NDkzLCJyb2xlIjoidXNlciIsImlhdCI6MTc4Njk0OTc2OX0.9ezAgqmCztbWVGUcCG2nVnlA9w6Z7LEKjstOSDXZ_-s,286
eyJhbGciOiJIUzI1NiIsInR5cCI6IkpXVCJ9.eyJpZCI6NDk0LCJyb2xlIjoidXNlciIsImlhdCI6MTc4Njk0OTc2OX0.l6XcCgkryCrj1bmACiYQTLuEXGag7qx16qTgaMdQUSY,287
eyJhbGciOiJIUzI1NiIsInR5cCI6IkpXVCJ9.eyJpZCI6NDg5LCJyb2xlIjoidXNlciIsImlhdCI6MTc4Njk0OTc2OX0.FlXgRut645qeB9a0eHx6fXlFEJHj0-s0-RUGyVgq1hk,288
eyJhbGciOiJIUzI1NiIsInR5cCI6IkpXVCJ9.eyJpZCI6NDk2LCJyb2xlIjoidXNlciIsImlhdCI6MTc4Njk0OTc2OX0._FFyBQxiMypIxdshl0BaRSBM77a8EpDpwA6LmKGkp5g,289
eyJhbGciOiJIUzI1NiIsInR5cCI6IkpXVCJ9.eyJpZCI6NDkyLCJyb2xlIjoidXNlciIsImlhdCI6MTc4Njk0OTc2OX0.Q3iFgmR-RYOv_x54QwHFyL8yxRUhADWX3VaS-nsB7n0,290
eyJhbGciOiJIUzI1NiIsInR5cCI6IkpXVCJ9.eyJpZCI6NDk3LCJyb2xlIjoidXNlciIsImlhdCI6MTc4Njk0OTc2OX0.nH4mVU_wx-DdqtX2MFBXAekO0ll_zeKpjYZM699felw,291
eyJhbGciOiJIUzI1NiIsInR5cCI6IkpXVCJ9.eyJpZCI6NDk5LCJyb2xlIjoidXNlciIsImlhdCI6MTc4Njk0OTc2OX0.oxSP0-_tHFDE1FtyoBSlxrxBIcDaYfwM2CVeZHmi0Lo,292
eyJhbGciOiJIUzI1NiIsInR5cCI6IkpXVCJ9.eyJpZCI6NTAwLCJyb2xlIjoidXNlciIsImlhdCI6MTc4Njk0OTc2OX0.fkq9goIkhP2Ji8OnNXV-bv1jr_v-iIzkhciT3O_rVgQ,293
eyJhbGciOiJIUzI1NiIsInR5cCI6IkpXVCJ9.eyJpZCI6NTAyLCJyb2xlIjoidXNlciIsImlhdCI6MTc4Njk0OTc2OX0.I-fjvfkvwvxDchh7i_5746Q_3ES_GFGWFWw5wCeT_rI,294
eyJhbGciOiJIUzI1NiIsInR5cCI6IkpXVCJ9.eyJpZCI6NDk1LCJyb2xlIjoidXNlciIsImlhdCI6MTc4Njk0OTc2OX0.qVsr0QRtcjBMYKPs3v7rgQyc-CuY2Dz31P7VqRhln30,295
eyJhbGciOiJIUzI1NiIsInR5cCI6IkpXVCJ9.eyJpZCI6NTAzLCJyb2xlIjoidXNlciIsImlhdCI6MTc4Njk0OTc2OX0.HKtCN-uia79r9H3gfLhIN5RCYVYXwMI97Y1gQcaQFz4,296
eyJhbGciOiJIUzI1NiIsInR5cCI6IkpXVCJ9.eyJpZCI6NDk4LCJyb2xlIjoidXNlciIsImlhdCI6MTc4Njk0OTc2OX0.bdrjwxeVdGkxwJgcDF1ZbfOvl2zV_mmm2Cn6gOx4VfM,297
eyJhbGciOiJIUzI1NiIsInR5cCI6IkpXVCJ9.eyJpZCI6NTA1LCJyb2xlIjoidXNlciIsImlhdCI6MTc4Njk0OTc2OX0.R9Lrcj8KmC8D-8LZmsFHEQrKCjFRYcwRsWfdrM19eKo,298
eyJhbGciOiJIUzI1NiIsInR5cCI6IkpXVCJ9.eyJpZCI6Mzg0LCJyb2xlIjoidXNlciIsImlhdCI6MTc4Njk0OTc2OX0.3QbrkmVg4wDwApzGpXlZMMZw9NUvxaytX5tkjfX3LH0,299
eyJhbGciOiJIUzI1NiIsInR5cCI6IkpXVCJ9.eyJpZCI6NTAxLCJyb2xlIjoidXNlciIsImlhdCI6MTc4Njk0OTc2OX0.yrt_emvD10n-3Xbut3Kqsiz-OGksQBh0mhYWOrhn_lc,300
eyJhbGciOiJIUzI1NiIsInR5cCI6IkpXVCJ9.eyJpZCI6NTA3LCJyb2xlIjoidXNlciIsImlhdCI6MTc4Njk0OTc2OX0.5Q-a5_NPynE17mBJ6Lv7V7qxY19PMhGtsjSl2SQ2BFI,301
eyJhbGciOiJIUzI1NiIsInR5cCI6IkpXVCJ9.eyJpZCI6NTA5LCJyb2xlIjoidXNlciIsImlhdCI6MTc4Njk0OTc2OX0.722VhOKIq2jlbrwJSksp0pjb7IMZ1WFAYCMRg0ml7ds,302
eyJhbGciOiJIUzI1NiIsInR5cCI6IkpXVCJ9.eyJpZCI6NTA0LCJyb2xlIjoidXNlciIsImlhdCI6MTc4Njk0OTc2OX0.SswFFNlsYz2CRXJqbm3Wq74K9SHKXUlZGfplw8sVELE,303
eyJhbGciOiJIUzI1NiIsInR5cCI6IkpXVCJ9.eyJpZCI6NTExLCJyb2xlIjoidXNlciIsImlhdCI6MTc4Njk0OTc2OX0.3haqlZsN-6zCrezJnUDB0X11PRD-hHN2BLoqwfkwLso,304
eyJhbGciOiJIUzI1NiIsInR5cCI6IkpXVCJ9.eyJpZCI6NTEyLCJyb2xlIjoidXNlciIsImlhdCI6MTc4Njk0OTc2OX0.yBJOVLeGYHomV4Gizoe8nqtNdjVmGgejKb0OYvUpn_c,305
eyJhbGciOiJIUzI1NiIsInR5cCI6IkpXVCJ9.eyJpZCI6NTEzLCJyb2xlIjoidXNlciIsImlhdCI6MTc4Njk0OTc2OX0.-Gg-TkgeAgk8f7oLYlc7Q_6mhEhan7996LPIpywP9-U,306
eyJhbGciOiJIUzI1NiIsInR5cCI6IkpXVCJ9.eyJpZCI6NTEwLCJyb2xlIjoidXNlciIsImlhdCI6MTc4Njk0OTc2OX0.qabzfnIyoulzIOf1x5QzQzbxMWwhR9C4e0Ft_tQg6cs,307
eyJhbGciOiJIUzI1NiIsInR5cCI6IkpXVCJ9.eyJpZCI6NTA4LCJyb2xlIjoidXNlciIsImlhdCI6MTc4Njk0OTc2OX0.0JhbuwicqbjHbBngjSgd3_Len0kCNtfUbj0dkhd9IG0,308
eyJhbGciOiJIUzI1NiIsInR5cCI6IkpXVCJ9.eyJpZCI6NTE2LCJyb2xlIjoidXNlciIsImlhdCI6MTc4Njk0OTc2OX0.8LXTO0pXPvh_muI8duJ8HEceXx__oVmVyd9MshSO0y8,309
eyJhbGciOiJIUzI1NiIsInR5cCI6IkpXVCJ9.eyJpZCI6NTE3LCJyb2xlIjoidXNlciIsImlhdCI6MTc4Njk0OTc2OX0.fgb1272_D1_ajUI405yoUEal7IgLlkEuPD9wnj04p78,310
eyJhbGciOiJIUzI1NiIsInR5cCI6IkpXVCJ9.eyJpZCI6NTE4LCJyb2xlIjoidXNlciIsImlhdCI6MTc4Njk0OTc3MH0.t8mg7Z8h3h12pDDSqxbz7QyxGWhFdvTrjzCrdKKLzq8,311
eyJhbGciOiJIUzI1NiIsInR5cCI6IkpXVCJ9.eyJpZCI6NTE5LCJyb2xlIjoidXNlciIsImlhdCI6MTc4Njk0OTc3MH0.7oBjKUwddKKvd1JfL8kmMaA-Cz1yv6THoizr3oM-V6s,312
eyJhbGciOiJIUzI1NiIsInR5cCI6IkpXVCJ9.eyJpZCI6NTIwLCJyb2xlIjoidXNlciIsImlhdCI6MTc4Njk0OTc3MH0.NCaWjJ30gqm4DZCWxaZvzpCJkUnibvCEPKcMWNUCBaE,313
eyJhbGciOiJIUzI1NiIsInR5cCI6IkpXVCJ9.eyJpZCI6NTIxLCJyb2xlIjoidXNlciIsImlhdCI6MTc4Njk0OTc3MH0.NsHG76fQLnD0O6CvQ_xTk7y0fPrB4sdH2vPIU1jEcFA,314
eyJhbGciOiJIUzI1NiIsInR5cCI6IkpXVCJ9.eyJpZCI6NTE1LCJyb2xlIjoidXNlciIsImlhdCI6MTc4Njk0OTc2OX0.PSmMY47K2z4Y2KfvqXfKIPE_1sbpScHvZob2ewP_bsE,315
eyJhbGciOiJIUzI1NiIsInR5cCI6IkpXVCJ9.eyJpZCI6NTIzLCJyb2xlIjoidXNlciIsImlhdCI6MTc4Njk0OTc3MH0.TZvGPx227viX-sHFNEah8SpCGyjvHcTHO9gLJigEMjo,316
eyJhbGciOiJIUzI1NiIsInR5cCI6IkpXVCJ9.eyJpZCI6NTI0LCJyb2xlIjoidXNlciIsImlhdCI6MTc4Njk0OTc3MH0.kMcZUFbDjdKeheLFaf69MTj0eLBpXoCvcCLa1wm-BqY,317
eyJhbGciOiJIUzI1NiIsInR5cCI6IkpXVCJ9.eyJpZCI6NTI1LCJyb2xlIjoidXNlciIsImlhdCI6MTc4Njk0OTc3MH0.dQYL9_eXo9q8qVXX6Db7mBx8FoQ_cSwQzrg0YGxPkA4,318
eyJhbGciOiJIUzI1NiIsInR5cCI6IkpXVCJ9.eyJpZCI6NTI2LCJyb2xlIjoidXNlciIsImlhdCI6MTc4Njk0OTc3MH0.QxdiX4UyzkQuLwIj6ptgDEvHzeioI8X8xn81M3_R_ng,319
eyJhbGciOiJIUzI1NiIsInR5cCI6IkpXVCJ9.eyJpZCI6NTI3LCJyb2xlIjoidXNlciIsImlhdCI6MTc4Njk0OTc3MH0.4dLVdfdRHPcQx-be0aTEwsdO91DuDv8M2ZMeoBMihUg,320
eyJhbGciOiJIUzI1NiIsInR5cCI6IkpXVCJ9.eyJpZCI6NTIyLCJyb2xlIjoidXNlciIsImlhdCI6MTc4Njk0OTc3MH0._SyOQcTIVF_x77yxKMuJZn-iAPUFci2JBjYNjnNv5QA,321
eyJhbGciOiJIUzI1NiIsInR5cCI6IkpXVCJ9.eyJpZCI6NTI5LCJyb2xlIjoidXNlciIsImlhdCI6MTc4Njk0OTc3MH0.nH0P5-unMf-Go6yynpP-FJEoIfOGOTLblsyXEKSpkSE,322
eyJhbGciOiJIUzI1NiIsInR5cCI6IkpXVCJ9.eyJpZCI6NTMxLCJyb2xlIjoidXNlciIsImlhdCI6MTc4Njk0OTc3MH0.aPQ-WXRl79YgHr1HwuvTohPp-081Eqnes8Yy-EiGfQg,323
eyJhbGciOiJIUzI1NiIsInR5cCI6IkpXVCJ9.eyJpZCI6NTE0LCJyb2xlIjoidXNlciIsImlhdCI6MTc4Njk0OTc2OX0.evi8_nCOes6MLywfNSK5NIkrE3QHdrXixDnWWOefSXs,324
eyJhbGciOiJIUzI1NiIsInR5cCI6IkpXVCJ9.eyJpZCI6NTI4LCJyb2xlIjoidXNlciIsImlhdCI6MTc4Njk0OTc3MH0.rhca7PX_6LXum9QPQ_BcRSWtoM0qUg8nupP89R5KEhA,325
eyJhbGciOiJIUzI1NiIsInR5cCI6IkpXVCJ9.eyJpZCI6NDc3LCJyb2xlIjoidXNlciIsImlhdCI6MTc4Njk0OTc2OX0.EWzjrZTGbBlixdrjiA40KeksfxUgFetoA3ITtI2_Bqg,326
eyJhbGciOiJIUzI1NiIsInR5cCI6IkpXVCJ9.eyJpZCI6NTMwLCJyb2xlIjoidXNlciIsImlhdCI6MTc4Njk0OTc3MH0.5DByF0p8IWaUlTLN-fLkLGEB4UhXd5okeSq4md10PlU,327
eyJhbGciOiJIUzI1NiIsInR5cCI6IkpXVCJ9.eyJpZCI6NTM0LCJyb2xlIjoidXNlciIsImlhdCI6MTc4Njk0OTc3MH0.LvXDnvSN-8BR8KxWNTAIUWjdBSsIZJ-LJn_SBMNb2U8,328
eyJhbGciOiJIUzI1NiIsInR5cCI6IkpXVCJ9.eyJpZCI6NTM2LCJyb2xlIjoidXNlciIsImlhdCI6MTc4Njk0OTc3MH0.eL57CfDqkEmvacmCCYzoKIjfFCgQrnMFC9p5OQ9WnkM,329
eyJhbGciOiJIUzI1NiIsInR5cCI6IkpXVCJ9.eyJpZCI6NTM3LCJyb2xlIjoidXNlciIsImlhdCI6MTc4Njk0OTc3MH0.DWsj9xWxu4HuK0MiKAsSIh1_wLrjdEtjnnmfuNSZgRk,330
eyJhbGciOiJIUzI1NiIsInR5cCI6IkpXVCJ9.eyJpZCI6NTM4LCJyb2xlIjoidXNlciIsImlhdCI6MTc4Njk0OTc3MH0.n0--C-V_cEkXfdxi94knDm6Gwk1dhtj05ezg_h6iMXY,331
eyJhbGciOiJIUzI1NiIsInR5cCI6IkpXVCJ9.eyJpZCI6NTM5LCJyb2xlIjoidXNlciIsImlhdCI6MTc4Njk0OTc3MH0.CplJL5pKuMwqkDi44OiKSWG-JApC702qrzVC6tz6h64,332
eyJhbGciOiJIUzI1NiIsInR5cCI6IkpXVCJ9.eyJpZCI6NTQwLCJyb2xlIjoidXNlciIsImlhdCI6MTc4Njk0OTc3MH0.UFIm__4V3nAmuu5Q1hHI6xzkA95oMsqpFFagUmg4ztQ,333
eyJhbGciOiJIUzI1NiIsInR5cCI6IkpXVCJ9.eyJpZCI6NTQxLCJyb2xlIjoidXNlciIsImlhdCI6MTc4Njk0OTc3MH0.uCysTJ4ivS-vb_6IwuRNJ5GNwcZx0oliVgljokGGTfo,334
eyJhbGciOiJIUzI1NiIsInR5cCI6IkpXVCJ9.eyJpZCI6NTQyLCJyb2xlIjoidXNlciIsImlhdCI6MTc4Njk0OTc3MH0.IO5Qb8PdSNAYLaflm6J6W3nhFqID0um8POo2aEfvUVw,335
eyJhbGciOiJIUzI1NiIsInR5cCI6IkpXVCJ9.eyJpZCI6NTQzLCJyb2xlIjoidXNlciIsImlhdCI6MTc4Njk0OTc3MH0.bAn-P8kBw4NI_b8ay3Vpnv2T8pKTWUjLJogGUJMuGM4,336
eyJhbGciOiJIUzI1NiIsInR5cCI6IkpXVCJ9.eyJpZCI6NTQ0LCJyb2xlIjoidXNlciIsImlhdCI6MTc4Njk0OTc3MH0.GOnwZ4IWpJod4w8-6768sWBVsXTkpSxP9wCqkGSVzv8,337
eyJhbGciOiJIUzI1NiIsInR5cCI6IkpXVCJ9.eyJpZCI6NTQ1LCJyb2xlIjoidXNlciIsImlhdCI6MTc4Njk0OTc3MH0.KK2Rdg6elrvghJn2oSzWoKLljLnEX9YV4Afee9RqYtI,338
eyJhbGciOiJIUzI1NiIsInR5cCI6IkpXVCJ9.eyJpZCI6NTQ2LCJyb2xlIjoidXNlciIsImlhdCI6MTc4Njk0OTc3MH0.-RC1tvcy41FiAbQHePKp_QjYmaORrTgKIhqt7UaxdUY,339
eyJhbGciOiJIUzI1NiIsInR5cCI6IkpXVCJ9.eyJpZCI6NTQ3LCJyb2xlIjoidXNlciIsImlhdCI6MTc4Njk0OTc3MH0.fB1xjccz7pLI8lLZmbSUGAZ6EzaWsA7j3mw9vMXjCeY,340
eyJhbGciOiJIUzI1NiIsInR5cCI6IkpXVCJ9.eyJpZCI6NTQ4LCJyb2xlIjoidXNlciIsImlhdCI6MTc4Njk0OTc3MH0.MWqdCUJNQj4Dz3d8Ae0ZLgwLUyMRYyzopwUAIyy4sfM,341
eyJhbGciOiJIUzI1NiIsInR5cCI6IkpXVCJ9.eyJpZCI6NTMyLCJyb2xlIjoidXNlciIsImlhdCI6MTc4Njk0OTc3MH0.w8t67wBDQMx8Ryl4gUF_3D96Nxtz41NPJT90UmE6YGo,342
eyJhbGciOiJIUzI1NiIsInR5cCI6IkpXVCJ9.eyJpZCI6NTUwLCJyb2xlIjoidXNlciIsImlhdCI6MTc4Njk0OTc3MH0.5uNupCCIZtw8YmS71PxhKZV0_ky-QGFK8vgKl3ZZaHA,343
eyJhbGciOiJIUzI1NiIsInR5cCI6IkpXVCJ9.eyJpZCI6NTM1LCJyb2xlIjoidXNlciIsImlhdCI6MTc4Njk0OTc3MH0.vmMC7tCZ8uCnXX-ShaxShaLXs6TF8CVsX_-ipe8lIOA,344
eyJhbGciOiJIUzI1NiIsInR5cCI6IkpXVCJ9.eyJpZCI6NTUyLCJyb2xlIjoidXNlciIsImlhdCI6MTc4Njk0OTc3MH0.iws_Qc7s--XJ0XpNd62iDjSA3_0MI33K1LJmnmHgv-U,345
eyJhbGciOiJIUzI1NiIsInR5cCI6IkpXVCJ9.eyJpZCI6NTUzLCJyb2xlIjoidXNlciIsImlhdCI6MTc4Njk0OTc3MH0.z3t8PJQj0KzlUhq6aWgPdgJuptlnN8sVMfGU6BtPvVQ,346
eyJhbGciOiJIUzI1NiIsInR5cCI6IkpXVCJ9.eyJpZCI6NTQ5LCJyb2xlIjoidXNlciIsImlhdCI6MTc4Njk0OTc3MH0.Ax5lBZG9Uk7BacOup3K7ciGoiLIrVTOm_h0rsFoXu2Y,347
eyJhbGciOiJIUzI1NiIsInR5cCI6IkpXVCJ9.eyJpZCI6NTU1LCJyb2xlIjoidXNlciIsImlhdCI6MTc4Njk0OTc3MH0.KfNpgeLmHN7c_p8TXpgTpV0Jqj18Hxh9xSTlrrvt37s,348
eyJhbGciOiJIUzI1NiIsInR5cCI6IkpXVCJ9.eyJpZCI6NTUxLCJyb2xlIjoidXNlciIsImlhdCI6MTc4Njk0OTc3MH0.zbFvXiVmbdaV7feL58Dx19FkaVLiDnOdWyM3tGha8JY,349
eyJhbGciOiJIUzI1NiIsInR5cCI6IkpXVCJ9.eyJpZCI6NTU3LCJyb2xlIjoidXNlciIsImlhdCI6MTc4Njk0OTc3MH0.pODjOqRZxu-_LsMhq2gKWybA0JRb9ZeVywNgudpZ2IA,350
eyJhbGciOiJIUzI1NiIsInR5cCI6IkpXVCJ9.eyJpZCI6NTU4LCJyb2xlIjoidXNlciIsImlhdCI6MTc4Njk0OTc3MH0.PjT5ZvVK7ssrN_76U2Z7_w2a5tI2MFAbCefTT8zQBkM,351
eyJhbGciOiJIUzI1NiIsInR5cCI6IkpXVCJ9.eyJpZCI6NTU5LCJyb2xlIjoidXNlciIsImlhdCI6MTc4Njk0OTc3MH0.jTUEf-eW8gOrWS6d9iXXuYbZ6abtSk521nE-07bnysc,352
eyJhbGciOiJIUzI1NiIsInR5cCI6IkpXVCJ9.eyJpZCI6NTU2LCJyb2xlIjoidXNlciIsImlhdCI6MTc4Njk0OTc3MH0.YL_yJEoGpGuuU4AjJ6PC0otJxZiEWD4i7iv3nHqtuPE,353
eyJhbGciOiJIUzI1NiIsInR5cCI6IkpXVCJ9.eyJpZCI6NTYxLCJyb2xlIjoidXNlciIsImlhdCI6MTc4Njk0OTc3MH0.2GRWNNojp_blFafaOPA-ptLZnZylrhNtG7yGFgnsBCk,354
eyJhbGciOiJIUzI1NiIsInR5cCI6IkpXVCJ9.eyJpZCI6NTA2LCJyb2xlIjoidXNlciIsImlhdCI6MTc4Njk0OTc2OX0.j72BIC-Yd-cP-ZOhWC4JA5Nvqiby8F0RWkkzeb0lbDw,355
eyJhbGciOiJIUzI1NiIsInR5cCI6IkpXVCJ9.eyJpZCI6NTU0LCJyb2xlIjoidXNlciIsImlhdCI6MTc4Njk0OTc3MH0.D3q-DYTLoH8KwYSd0XRO6Fxc-bqrnfmbOLCXNUhDQw4,356
eyJhbGciOiJIUzI1NiIsInR5cCI6IkpXVCJ9.eyJpZCI6NTY0LCJyb2xlIjoidXNlciIsImlhdCI6MTc4Njk0OTc3MH0.94-_XAPhRWcInkSmsDpxAJmINJbZnxj4_OPBiNgrhEM,357
eyJhbGciOiJIUzI1NiIsInR5cCI6IkpXVCJ9.eyJpZCI6NTY2LCJyb2xlIjoidXNlciIsImlhdCI6MTc4Njk0OTc3MH0.YkCMpcfzr8r_ekyJ0lNX_L6k48Tryq9QXNqkZES_y3o,358
eyJhbGciOiJIUzI1NiIsInR5cCI6IkpXVCJ9.eyJpZCI6NTY1LCJyb2xlIjoidXNlciIsImlhdCI6MTc4Njk0OTc3MH0.BNPqNjOmsFqABwrFRmd167gKog2dsuqcKv8bhLmHhko,359
eyJhbGciOiJIUzI1NiIsInR5cCI6IkpXVCJ9.eyJpZCI6NTY3LCJyb2xlIjoidXNlciIsImlhdCI6MTc4Njk0OTc3MH0.ScaGFeorPh_Q2DHPNr5Vc_HMjLteFyTPZ1vExHyFzmM,360
eyJhbGciOiJIUzI1NiIsInR5cCI6IkpXVCJ9.eyJpZCI6NTYwLCJyb2xlIjoidXNlciIsImlhdCI6MTc4Njk0OTc3MH0.y455QiOMonOU5FAe_48VrOnaREixADz8nvU-jWwXELA,361
eyJhbGciOiJIUzI1NiIsInR5cCI6IkpXVCJ9.eyJpZCI6NTY5LCJyb2xlIjoidXNlciIsImlhdCI6MTc4Njk0OTc3MH0.BtxIx3ca8X1h5zK9SS7LeM7NrQpw1FZMHmqFBeefM04,362
eyJhbGciOiJIUzI1NiIsInR5cCI6IkpXVCJ9.eyJpZCI6NTcwLCJyb2xlIjoidXNlciIsImlhdCI6MTc4Njk0OTc3MH0.TLAepPVDb9MsO7MtKu3LLEY7-UI4x_POr_Q1c991uSY,363
eyJhbGciOiJIUzI1NiIsInR5cCI6IkpXVCJ9.eyJpZCI6NTYyLCJyb2xlIjoidXNlciIsImlhdCI6MTc4Njk0OTc3MH0.mQDDu8oSKnnGPyGFjFOSoIt4X1n8OebLHh1WLv594i0,364
eyJhbGciOiJIUzI1NiIsInR5cCI6IkpXVCJ9.eyJpZCI6NTczLCJyb2xlIjoidXNlciIsImlhdCI6MTc4Njk0OTc3MH0.dZF_CKmSPHCZUxrW_s0HO1IdwDCtXerIXK3DwohFojU,365
eyJhbGciOiJIUzI1NiIsInR5cCI6IkpXVCJ9.eyJpZCI6NTY4LCJyb2xlIjoidXNlciIsImlhdCI6MTc4Njk0OTc3MH0.JNu3_M1ZMK0NcEs2ITfD07ROb2vpBbYQOlBOGkbCzzM,366
eyJhbGciOiJIUzI1NiIsInR5cCI6IkpXVCJ9.eyJpZCI6NTc0LCJyb2xlIjoidXNlciIsImlhdCI6MTc4Njk0OTc3MH0.YpbbFh7MaIzEdr-ajSvsMLx-NZ27tyzJ1UWvwWR0GFg,367
eyJhbGciOiJIUzI1NiIsInR5cCI6IkpXVCJ9.eyJpZCI6NTc2LCJyb2xlIjoidXNlciIsImlhdCI6MTc4Njk0OTc3MH0._88FwHdow32puUraGNyP2TXOOtmCNFTbWsprbjf3SuU,368
eyJhbGciOiJIUzI1NiIsInR5cCI6IkpXVCJ9.eyJpZCI6NTc1LCJyb2xlIjoidXNlciIsImlhdCI6MTc4Njk0OTc3MH0.z7iDtJ-wFUlO691q0J1su6lkO_K1V7tliw_dPFK8rfE,369
eyJhbGciOiJIUzI1NiIsInR5cCI6IkpXVCJ9.eyJpZCI6NTc3LCJyb2xlIjoidXNlciIsImlhdCI6MTc4Njk0OTc3MH0.MGPbVIJfbL3RfrtGOc7eil6uJoCO-VmkzN_H37X3LUM,370
eyJhbGciOiJIUzI1NiIsInR5cCI6IkpXVCJ9.eyJpZCI6NTc4LCJyb2xlIjoidXNlciIsImlhdCI6MTc4Njk0OTc3MH0.xT0I0F2DjNtjZy0CxyWm5lI5LkjIFBqds1zpYIo5r9Q,371
eyJhbGciOiJIUzI1NiIsInR5cCI6IkpXVCJ9.eyJpZCI6NTc5LCJyb2xlIjoidXNlciIsImlhdCI6MTc4Njk0OTc3MH0.7LJmloiCjgJmKf3XIyRK3NXOi_GwsNX-zelrPFCIzRI,372
eyJhbGciOiJIUzI1NiIsInR5cCI6IkpXVCJ9.eyJpZCI6NTgwLCJyb2xlIjoidXNlciIsImlhdCI6MTc4Njk0OTc3MH0.7yTS782-BJnwqPvlwe60XWdUT6f2O_TWxK1Jfb4bm3w,373
eyJhbGciOiJIUzI1NiIsInR5cCI6IkpXVCJ9.eyJpZCI6NTcyLCJyb2xlIjoidXNlciIsImlhdCI6MTc4Njk0OTc3MH0.JQSqvl5remWB265y59jXpKos5Q-lNZLfvgizZAu96VE,374
eyJhbGciOiJIUzI1NiIsInR5cCI6IkpXVCJ9.eyJpZCI6NTgyLCJyb2xlIjoidXNlciIsImlhdCI6MTc4Njk0OTc3MH0.5FxYmvUZYEQ2ViT3Xl01EQF_a0uAarxK14muLV2_L6s,375
eyJhbGciOiJIUzI1NiIsInR5cCI6IkpXVCJ9.eyJpZCI6NTgzLCJyb2xlIjoidXNlciIsImlhdCI6MTc4Njk0OTc3MH0.o8tJPEsIpO0bu4YzzDroVsk0UyZv9QiX2RPfAAsVgx0,376
eyJhbGciOiJIUzI1NiIsInR5cCI6IkpXVCJ9.eyJpZCI6NTcxLCJyb2xlIjoidXNlciIsImlhdCI6MTc4Njk0OTc3MH0.1vEo9eQjoBargmed-VIY9nrEw3t_UktAaBaVFUpqbn4,377
eyJhbGciOiJIUzI1NiIsInR5cCI6IkpXVCJ9.eyJpZCI6NTg1LCJyb2xlIjoidXNlciIsImlhdCI6MTc4Njk0OTc3MH0.fXXG7zXz8LCBGBbNhBCdAvA22QWuYD_Z07IHQVPUHkU,378
eyJhbGciOiJIUzI1NiIsInR5cCI6IkpXVCJ9.eyJpZCI6NTgxLCJyb2xlIjoidXNlciIsImlhdCI6MTc4Njk0OTc3MH0.xTVP7cYanWlkYa9YdqtVbf13KDQKrB_LoN8B_cwQi6w,379
eyJhbGciOiJIUzI1NiIsInR5cCI6IkpXVCJ9.eyJpZCI6NTg2LCJyb2xlIjoidXNlciIsImlhdCI6MTc4Njk0OTc3MH0.5ANaivoH9e1zbEwiRzH-icbU6X4AT2A2gLFeVbCD0CM,380
eyJhbGciOiJIUzI1NiIsInR5cCI6IkpXVCJ9.eyJpZCI6NTg4LCJyb2xlIjoidXNlciIsImlhdCI6MTc4Njk0OTc3MH0.68OK-dNdTKaXYd82NUkJKiwqEjs9UHg8B3agWCln5z8,381
eyJhbGciOiJIUzI1NiIsInR5cCI6IkpXVCJ9.eyJpZCI6NTg3LCJyb2xlIjoidXNlciIsImlhdCI6MTc4Njk0OTc3MH0.2IzGn469jKxMJkNUitBNmcUSoxLPjJxethJUd_d6baA,382
eyJhbGciOiJIUzI1NiIsInR5cCI6IkpXVCJ9.eyJpZCI6NTkwLCJyb2xlIjoidXNlciIsImlhdCI6MTc4Njk0OTc3MH0.Uqbx4al07EDdp5zCKFnwQjjThdswSCoP9ASOmZMMdEs,383
eyJhbGciOiJIUzI1NiIsInR5cCI6IkpXVCJ9.eyJpZCI6NTkxLCJyb2xlIjoidXNlciIsImlhdCI6MTc4Njk0OTc3MH0.fA73TtuAbkIOTEV6ATKKpD4Rsod7m_aILPvhbo3TmwE,384
eyJhbGciOiJIUzI1NiIsInR5cCI6IkpXVCJ9.eyJpZCI6NTkyLCJyb2xlIjoidXNlciIsImlhdCI6MTc4Njk0OTc3MH0.PuTun_CrLNQ-QbWmiUkhvU73E4pUbKv8EBidd-ynp8c,385
eyJhbGciOiJIUzI1NiIsInR5cCI6IkpXVCJ9.eyJpZCI6NTg5LCJyb2xlIjoidXNlciIsImlhdCI6MTc4Njk0OTc3MH0.HRNQh7Vlr6rwdIy0hkh5s4qpKpVFMqwUloeYqapGRB0,386
eyJhbGciOiJIUzI1NiIsInR5cCI6IkpXVCJ9.eyJpZCI6NTg0LCJyb2xlIjoidXNlciIsImlhdCI6MTc4Njk0OTc3MH0.QTAYr9_mQHsr5ykfaeJT9VhtBFU7l1u4FsQURs5I6RE,387
eyJhbGciOiJIUzI1NiIsInR5cCI6IkpXVCJ9.eyJpZCI6NTk1LCJyb2xlIjoidXNlciIsImlhdCI6MTc4Njk0OTc3MH0.Q35_HqzwyUQs2izKNaa0CZUVj-VxxpdyRSyve_ky43Q,388
eyJhbGciOiJIUzI1NiIsInR5cCI6IkpXVCJ9.eyJpZCI6NTk2LCJyb2xlIjoidXNlciIsImlhdCI6MTc4Njk0OTc3MH0.lZlnlfmZWSvPCY52p5_Kt5QInTwnvYdVLdCHt3UAhBI,389
eyJhbGciOiJIUzI1NiIsInR5cCI6IkpXVCJ9.eyJpZCI6NTk3LCJyb2xlIjoidXNlciIsImlhdCI6MTc4Njk0OTc3MH0._rwmWZTvYXBi6NPFNlUx7MUuX11HsM4zAqEsjD-MvQs,390
eyJhbGciOiJIUzI1NiIsInR5cCI6IkpXVCJ9.eyJpZCI6NTk4LCJyb2xlIjoidXNlciIsImlhdCI6MTc4Njk0OTc3MH0.7m5W8pHDl0XsN7mlBhKEXgfJGzHhrC6sq-jWG_nwmb4,391
eyJhbGciOiJIUzI1NiIsInR5cCI6IkpXVCJ9.eyJpZCI6NTk5LCJyb2xlIjoidXNlciIsImlhdCI6MTc4Njk0OTc3MH0.VPD39jG8tdkcZMlpPSR0BK_qvRbI3_CCELUsabFFm2A,392
eyJhbGciOiJIUzI1NiIsInR5cCI6IkpXVCJ9.eyJpZCI6NTk0LCJyb2xlIjoidXNlciIsImlhdCI6MTc4Njk0OTc3MH0.1nl6oMIvu-Lvw9v-Oje-YY5Scxo1Xsb3WGqCK5KR5xU,393
eyJhbGciOiJIUzI1NiIsInR5cCI6IkpXVCJ9.eyJpZCI6NTkzLCJyb2xlIjoidXNlciIsImlhdCI6MTc4Njk0OTc3MH0.S9f7BHP5B9Iec2II9uPnmRdGgm1oF_hb188vd439vbY,394
eyJhbGciOiJIUzI1NiIsInR5cCI6IkpXVCJ9.eyJpZCI6NjAyLCJyb2xlIjoidXNlciIsImlhdCI6MTc4Njk0OTc3MH0.J4EovnvqVBRDH6zams-jCx1bR_uqbcN3qtno5LOn7-c,395
eyJhbGciOiJIUzI1NiIsInR5cCI6IkpXVCJ9.eyJpZCI6NjAxLCJyb2xlIjoidXNlciIsImlhdCI6MTc4Njk0OTc3MH0.ZY1Gy5ZjxEawvy0RZYTfk-zcLksG7JeurUJ4grcseBo,396
eyJhbGciOiJIUzI1NiIsInR5cCI6IkpXVCJ9.eyJpZCI6NTYzLCJyb2xlIjoidXNlciIsImlhdCI6MTc4Njk0OTc3MH0.e6Riw-cHSwpTVOSo6w3S-ztjH4Wck8DuBOjO7l6XOpU,397
eyJhbGciOiJIUzI1NiIsInR5cCI6IkpXVCJ9.eyJpZCI6NDg0LCJyb2xlIjoidXNlciIsImlhdCI6MTc4Njk0OTc2OX0.oPFTnBdNFS6uFZomf9S7lBeGQ_DVQGlDNFT20OBVg5I,398
eyJhbGciOiJIUzI1NiIsInR5cCI6IkpXVCJ9.eyJpZCI6NTMzLCJyb2xlIjoidXNlciIsImlhdCI6MTc4Njk0OTc3MH0.t-yGhyNPJ60OKhRn4LBzjnwjq8owbGfpHSZBMVODlyI,399
eyJhbGciOiJIUzI1NiIsInR5cCI6IkpXVCJ9.eyJpZCI6NjAwLCJyb2xlIjoidXNlciIsImlhdCI6MTc4Njk0OTc3MH0.7Bp4MYg6HlQ4vE1SlzMYhGBzofcVJx6tx-oDZjz2ICo,400