email,resetToken,newPassword
stress1@test.com,9132,NewPass1!
stress2@test.com,4846,NewPass2!
stress3@test.com,1112,NewPass3!
stress4@test.com,5882,NewPass4!
stress5@test.com,1172,NewPass5!
stress6@test.com,3779,NewPass6!
stress7@test.com,4696,NewPass7!
stress8@test.com,2504,NewPass8!
stress9@test.com,3579,NewPass9!
stress10@test.com,4695,NewPass10!
stress11@test.com,6407,NewPass11!
stress12@test.com,6132,NewPass12!
stress13@test.com,8516,NewPass13!
stress14@test.com,3949,NewPass14!
stress15@test.com,4319,NewPass15!
stress16@test.com,4611,NewPass16!
stress17@test.com,5281,NewPass17!
stress18@test.com,8012,NewPass18!
stress19@test.com,6072,NewPass19!
stress20@test.com,5992,NewPass20!
stress21@test.com,5587,NewPass21!
stress22@test.com,5238,NewPass22!
stress23@test.com,6239,NewPass23!
stress24@test.com,4432,NewPass24!
stress25@test.com,2100,NewPass25!
stress26@test.com,3809,NewPass26!
stress27@test.com,1823,NewPass27!
stress28@test.com,1340,NewPass28!
stress29@test.com,8216,NewPass29!
stress30@test.com,4514,NewPass30!
stress31@test.com,8800,NewPass31!
stress32@test.com,5074,NewPass32!
stress33@test.com,3977,NewPass33!
stress34@test.com,3505,NewPass34!
stress35@test.com,6562,NewPass35!
stress36@test.com,8682,NewPass36!
stress37@test.com,7241,NewPass37!
stress38@test.com,1739,NewPass38!
stress39@test.com,7135,NewPass39!
stress40@test.com,1848,NewPass40!
stress41@test.com,3450,NewPass41!
stress42@test.com,5847,NewPass42!
stress43@test.com,5847,NewPass43!
stress44@test.com,2975,NewPass44!
stress45@test.com,2638,NewPass45!
stress46@test.com,4454,NewPass46!
stress47@test.com,3434,NewPass47!
stress48@test.com,3380,NewPass48!
stress49@test.com,6065,NewPass49!
stress50@test.com,7818,NewPass50!
stress51@test.com,7324,NewPass51!
stress52@test.com,8256,NewPass52!
stress53@test.com,5139,NewPass53!
stress54@test.com,5683,NewPass54!
stress55@test.com,4340,NewPass55!
stress56@test.com,7185,NewPass56!
stress57@test.com,4386,NewPass57!
stress58@test.com,4149,NewPass58!
stress59@test.com,5434,NewPass59!
stress60@test.com,6852,NewPass60!
stress61@test.com,2202,NewPass61!
stress62@test.com,5428,NewPass62!
stress63@test.com,3430,NewPass63!
stress64@test.com,8577,NewPass64!
stress65@test.com,7812,NewPass65!
stress66@test.com,6175,NewPass66!
stress67@test.com,9895,NewPass67!
stress68@test.com,7447,NewPass68!
stress69@test.com,2818,NewPass69!
stress70@test.com,4532,NewPass70!
stress71@test.com,7734,NewPass71!
stress72@test.com,3693,NewPass72!
stress73@test.com,1519,NewPass73!
stress74@test.com,3543,NewPass74!
stress75@test.com,8880,NewPass75!
stress76@test.com,7876,NewPass76!
stress77@test.com,1667,NewPass77!
stress78@test.com,8729,NewPass78!
stress79@test.com,2557,NewPass79!
stress80@test.com,8977,NewPass80!
stress81@test.com,8792,NewPass81!
stress82@test.com,6755,NewPass82!
stress83@test.com,9166,NewPass83!
stress84@test.com,8209,NewPass84!
stress85@test.com,7179,NewPass85!
stress86@test.com,6361,NewPass86!
stress87@test.com,7852,NewPass87!
stress88@test.com,7595,NewPass88!
stress89@test.com,5246,NewPass89!
stress90@test.com,8421,NewPass90!
stress91@test.com,6448,NewPass91!
stress92@test.com,6358,NewPass92!
stress93@test.com,5883,NewPass93!
stress94@test.com,7729,NewPass94!
stress95@test.com,4035,NewPass95!
stress96@test.com,2713,NewPass96!
stress97@test.com,1135,NewPass97!
stress98@test.com,8771,NewPass98!
stress99@test.com,1043,NewPass99!
stress100@test.com,5668,NewPass100!
stress101@test.com,6468,NewPass101!
stress102@test.com,1843,NewPass102!
stress103@test.com,5577,NewPass103!
stress104@test.com,6006,NewPass104!
stress105@test.com,9928,NewPass105!
stress106@test.com,1201,NewPass106!
stress107@test.com,9356,NewPass107!
stress108@test.com,1812,NewPass108!
stress109@test.com,6628,NewPass109!
stress110@test.com,5607,NewPass110!
stress111@test.com,9722,NewPass111!
stress112@test.com,4449,NewPass112!
stress113@test.com,6527,NewPass113!
stress114@test.com,4156,NewPass114!
stress115@test.com,4838,NewPass115!
stress116@test.com,4651,NewPass116!
stress117@test.com,6383,NewPass117!
stress118@test.com,6501,NewPass118!
stress119@test.com,5406,NewPass119!
stress120@test.com,1418,NewPass120!
stress121@test.com,4130,NewPass121!
stress122@test.com,1122,NewPass122!
stress123@test.com,7156,NewPass123!
stress124@test.com,1750,NewPass124!
stress125@test.com,1700,NewPass125!
stress126@test.com,3072,NewPass126!
stress127@test.com,8609,NewPass127!
stress128@test.com,3075,NewPass128!
stress129@test.com,3035,NewPass129!
stress130@test.com,6782,NewPass130!
stress131@test.com,7267,NewPass131!
stress132@test.com,1678,NewPass132!
stress133@test.com,2660,NewPass133!
stress134@test.com,6259,NewPass134!
stress135@test.com,5660,NewPass135!
stress136@test.com,2959,NewPass136!
stress137@test.com,3438,NewPass137!
stress138@test.com,3111,NewPass138!
stress139@test.com,7345,NewPass139!
stress140@test.com,5138,NewPass140!
stress141@test.com,5532,NewPass141!
stress142@test.com,1781,NewPass142!
stress143@test.com,6851,NewPass143!
stress144@test.com,6482,NewPass144!
stress145@test.com,2384,NewPass145!
stress146@test.com,5367,NewPass146!
stress147@test.com,4591,NewPass147!
stress148@test.com,6086,NewPass148!
stress149@test.com,4045,NewPass149!
stress150@test.com,3702,NewPass150!
stress151@test.com,6274,NewPass151!
stress152@test.com,1758,NewPass152!
stress153@test.com,5306,NewPass153!
stress154@test.com,4842,NewPass154!
stress155@test.com,7673,NewPass155!
stress156@test.com,7198,NewPass156!
stress157@test.com,5779,NewPass157!
stress158@test.com,6912,NewPass158!
stress159@test.com,5130,NewPass159!
stress160@test.com,3336,NewPass160!
stress161@test.com,1707,NewPass161!
stress162@test.com,8150,NewPass162!
stress163@test.com,1487,NewPass163!
stress164@test.com,2083,NewPass164!
stress165@test.com,6153,NewPass165!
stress166@test.com,1532,NewPass166!
stress167@test.com,8703,NewPass167!
stress168@test.com,9982,NewPass168!
stress169@test.com,2602,NewPass169!
stress170@test.com,4931,NewPass170!
stress171@test.com,7452,NewPass171!
stress172@test.com,8935,NewPass172!
stress173@test.com,2864,NewPass173!
stress174@test.com,8953,NewPass174!
stress175@test.com,3619,NewPass175!
stress176@test.com,7164,NewPass176!
stress177@test.com,2762,NewPass177!
stress178@test.com,6631,NewPass178!
stress179@test.com,1400,NewPass179!
stress180@test.com,5611,NewPass180!
stress181@test.com,1372,NewPass181!
stress182@test.com,4860,NewPass182!
stress183@test.com,3999,NewPass183!
stress184@test.com,7876,NewPass184!
stress185@test.com,4910,NewPass185!
stress186@test.com,5950,NewPass186!
stress187@test.com,2272,NewPass187!
stress188@test.com,7724,NewPass188!
stress189@test.com,5923,NewPass189!
stress190@test.com,7877,NewPass190!
stress191@test.com,8307,NewPass191!
stress192@test.com,1963,NewPass192!
stress193@test.com,8598,NewPass193!
stress194@test.com,3637,NewPass194!
stress195@test.com,2943,NewPass195!
stress196@test.com,7983,NewPass196!
stress197@test.com,7097,NewPass197!
stress198@test.com,7197,NewPass198!
stress199@test.com,1600,NewPass199!
stress200@test.com,8624,NewPass200!
stress201@test.com,6809,NewPass201!
stress202@test.com,1720,NewPass202!
stress203@test.com,4127,NewPass203!
stress204@test.com,9788,NewPass204!
stress205@test.com,2526,NewPass205!
stress206@test.com,5135,NewPass206!
stress207@test.com,7862,NewPass207!
stress208@test.com,4823,NewPass208!
stress209@test.com,4166,NewPass209!
stress210@test.com,5179,NewPass210!
stress211@test.com,4322,NewPass211!
stress212@test.com,3164,NewPass212!
stress213@test.com,1213,NewPass213!
stress214@test.com,8801,NewPass214!
stress215@test.com,4526,NewPass215!
stress216@test.com,6703,NewPass216!
stress217@test.com,1779,NewPass217!
stress218@test.com,4515,NewPass218!
stress219@test.com,9071,NewPass219!
stress220@test.com,5622,NewPass220!
stress221@test.com,7190,NewPass221!
stress222@test.com,5635,NewPass222!
stress223@test.com,8336,NewPass223!
stress224@test.com,2220,NewPass224!
stress225@test.com,3692,NewPass225!
stress226@test.com,6859,NewPass226!
stress227@test.com,9594,NewPass227!
stress228@test.com,8812,NewPass228!
stress229@test.com,3586,NewPass229!
stress230@test.com,8978,NewPass230!
stress231@test.com,2626,NewPass231!
stress232@test.com,2837,NewPass232!
stress233@test.com,2478,NewPass233!
stress234@test.com,2841,NewPass234!
stress235@test.com,8752,NewPass235!
stress236@test.com,4287,NewPass236!
stress237@test.com,3338,NewPass237!
stress238@test.com,8143,NewPass238!
stress239@test.com,1409,NewPass239!
stress240@test.com,4221,NewPass240!
stress241@test.com,4210,NewPass241!
stress242@test.com,1294,NewPass242!
stress243@test.com,9103,NewPass243!
stress244@test.com,7508,NewPass244!
stress245@test.com,6307,NewPass245!
stress246@test.com,7566,NewPass246!
stress247@test.com,9470,NewPass247!
stress248@test.com,3274,NewPass248!
stress249@test.com,4513,NewPass249!
stress250@test.com,2941,NewPass250!
stress251@test.com,7114,NewPass251!
stress252@test.com,5554,NewPass252!
stress253@test.com,8504,NewPass253!
stress254@test.com,6618,NewPass254!
stress255@test.com,5710,NewPass255!
stress256@test.com,6659,NewPass256!
stress257@test.com,8030,NewPass257!
stress258@test.com,5709,NewPass258!
stress259@test.com,7495,NewPass259!
stress260@test.com,1096,NewPass260!
stress261@test.com,6849,NewPass261!
stress262@test.com,5117,NewPass262!
stress263@test.com,2347,NewPass263!
stress264@test.com,7108,NewPass264!
stress265@test.com,1401,NewPass265!
stress266@test.com,3281,NewPass266!
stress267@test.com,8209,NewPass267!
stress268@test.com,8261,NewPass268!
stress269@test.com,9245,NewPass269!
stress270@test.com,3523,NewPass270!
stress271@test.com,2326,NewPass271!
stress272@test.com,2865,NewPass272!
stress273@test.com,4484,NewPass273!
stress274@test.com,3422,NewPass274!
stress275@test.com,8111,NewPass275!
stress276@test.com,4576,NewPass276!
stress277@test.com,3061,NewPass277!
stress278@test.com,4934,NewPass278!
stress279@test.com,5127,NewPass279!
stress280@test.com,5102,NewPass280!
stress281@test.com,8710,NewPass281!
stress282@test.com,3428,NewPass282!
stress283@test.com,9393,NewPass283!
stress284@test.com,9222,NewPass284!
stress285@test.com,3216,NewPass285!
stress286@test.com,2819,NewPass286!
stress287@test.com,7500,NewPass287!
stress288@test.com,4457,NewPass288!
stress289@test.com,9147,NewPass289!
stress290@test.com,9473,NewPass290!
stress291@test.com,7706,NewPass291!
stress292@test.com,9075,NewPass292!
stress293@test.com,1119,NewPass293!
stress294@test.com,1416,NewPass294!
stress295@test.com,8025,NewPass295!
stress296@test.com,1680,NewPass296!
stress297@test.com,3873,NewPass297!
stress298@test.com,5648,NewPass298!
stress299@test.com,3693,NewPass299!
stress300@test.com,5240,NewPass300!